id,name,ticker,trading_type,settlement_type,enabled,description
265,Aluar,ALUA,STOCK,ONE_WORKING_DAY,true,"Aluar Aluminio Argentino S.A.I.C. es una compañía argentina dedicada a la producción de aluminio. Las operaciones de Aluar comprenden desde la obtención de aluminio en estado líquido hasta la fabricación de productos elaborados que se destinan a las industrias del transporte, packaging, construcción, electricidad, medicina y tratamiento de aguas. Además, la Compañía brinda servicios adicionales, tales como carpintería, asistencia técnica y provisión de documentos, capacitación corporativa y distribución de productos."
274,Banco Bbva,BBAR,STOCK,ONE_WORKING_DAY,true,"BBVA Banco Francés S.A. es un proveedor de servicios financieros a grandes corporaciones, pequeñas y medianas empresas (PYMES) y a clientes particulares. El Banco se centra en el sector financiero a través de sus actividades relacionadas con la banca y las finanzas, administración de fondos de pensiones y seguros. El Banco tiene todas sus operaciones, bienes y clientes ubicados en Argentina. Como parte de su negocio, el Banco realiza operaciones de mercados de capital y de valores directamente en el mercado extrabursátil e indirectamente en la Bolsa de Comercio de Buenos Aires (BCBA). Su banca corporativa se divide por industrias, como del consumo, industrias pesadas y energía. Las líneas de negocio del Banco son banca minorista, banca empresarial y banca corporativa y de inversión. La banca empresarial ofrece préstamos a largo y corto plazo. La línea de negocios de banca corporativa y de inversión refiere a operaciones de comercio exterior y asesoría en fusiones y adquisiciones y transacciones del mercado de capitales."
395,Banco Hipotecario,BHIP,STOCK,ONE_WORKING_DAY,true,"Considerar que la lamina mínima de operación es de 30 valores nominales. Banco Hipotecario S.A es una entidad financiera argentina dedica en gran medida al sector bancario. Entre los productos que ofrece se encuentran cuentas corrientes y de ahorro, préstamos, tarjetas de crédito y débito, hipotecas,  entre otros."
276,Banco Macro,BMA,STOCK,ONE_WORKING_DAY,true,"Banco Macro S.A. ofrece productos y servicios bancarios tradicionales a empresas, lo que incluye las que operan en las economías regionales, así como a personas físicas. La entidad tiene aproximadamente dos categorías de clientes, tales como clientes minoristas (incluye personas físicas) y clientes corporativos (incluye pequeñas, medianas y grandes empresas y grandes corporaciones). Además, presta servicios a más de cuatro gobiernos provinciales. La entidad ofrece a sus clientes corporativos productos y servicios bancarios tradicionales, tales como depósitos, préstamos (incluidos los servicios de sobregiro), descuento de cheques diferidos y factoraje, préstamos con garantía y líneas de crédito para la financiación de servicios de comercio internacional y gestión de efectivo."
266,Bolsas y Mercados Argentinos,BYMA,STOCK,ONE_WORKING_DAY,true,"Bolsas Y Mercados Argentinos SA (BYMA) es una compañía con sede en Argentina, dedicada a la operación de bolsa de valores. La Compañía ofrece servicios, que integran el proceso de transacciones en su mercado digital de valores. Su gama de servicios incluye gestión de órdenes, negociaciones primarias y secundarias, monitoreo del mercado, gestión de contratos futuros y opciones, administración de riesgos y soluciones de tecnología de información (TI), entre otros. La Compañía, a través de Caja de Valores S.A., es responsable de los servicios de custodia."
267,Central Puerto,CEPU,STOCK,ONE_WORKING_DAY,true,Central Puerto SA es una empresa con sede en Argentina perteneciente al sector energético. Su objeto es desarrollar inversiones orientadas al mercado energético nacional e internacional. La Empresa y sus filiales están organizadas en cuatro unidades de negocio para llevar a cabo sus actividades: Generación de energía eléctrica de fuentes convencionales y su comercialización; Generación de energía eléctrica de fuentes renovables y su comercialización; Transporte y distribución de gas natural; Gerenciamiento de operación de centrales térmicas.
278,Sociedad Comercial del Plata,COME,STOCK,ONE_WORKING_DAY,true,"Sociedad Comercial del Plata S.A. es una compañía holding con sede en Argentina, con presencia en sectores estratégicos, tales como construcción, agronegocios, entretenimiento, energía, transporte, infraestructura y bienes raíces. Opera a través de cuatro segmentos: Construcción, Petróleo y Derivados, Entretenimiento y Otros. El segmento de Construcción produce materiales de construcción, como pisos y revestimientos cerámicos, ladrillos, tejas y vidrio de alto rendimiento. El segmento de petróleo y derivados incluye las actividades de exploración y producción de transporte de petróleo y gas y gas. El segmento de Entretenimiento gestiona el parque de atracciones Parque de la Costa. El segmento Otros ofrece servicios de transporte de mercancias por ferrocarril, desarrolla proyectos inmobiliarios y de reforestación, desarrolla alimentos y nutracéuticos también para animales, y participa activamente en la industria de los biocombustibles, entre otros. La empresa opera principalmente a nivel nacional."
280,Cresud,CRES,STOCK,ONE_WORKING_DAY,true,"Cresud Sociedad Anónima, Comercial, Inmobiliaria, Financiera y Agropecuaria es una compañía agrícola dedicada a la producción de productos básicos agrícolas con presencia en el sector agrícola de Brasil así como en otros países de América Latina. Además, la compañía arrienda tierras a terceros y presta servicios de agencia y agroindustriales, que incluyen una planta empacadora de carne. Asimismo, opera en dos áreas comerciales, Agrícola e Inversiones y Desarrollo de Propiedades. El sector Agrícola incluye ocho segmentos: Cultivos, Ganado, Lácteos, Caña de Azúcar, Alquileres Agrícolas y Servicios, Transformación y Ventas de Tierra, Agroindustrial y Otros. El sector de Inversiones y Desarrollo de Propiedades de la compañía se compone de: Propiedades de Centros Comerciales, Oficinas, Ventas y Desarrollo, Hoteles,, y Operaciones Financieras y Otros. Los principales cultivos de la compañía incluyen soja, trigo, maíz y girasol."
279,Cablevisión Holding,CVH,STOCK,ONE_WORKING_DAY,true,"La cantidad mínima para comprar o vender acciones de Cablevisión Holding SA (CVH) es de 3 valores nominales. Cablevision Holdings SA es una empresa con sede en Argentina, dedicada al sector de telecomunicaciones. La Empresa se centra en el desarrollo de la infraestructura y la prestación de servicios convergentes de telecomunicaciones. La Empresa opera a través de tres marcas: Cablevisión, Fibertel y Nextel. Cablevisión es un proveedor de servicios por cable con operaciones en Argentina y Uruguay. Cablevisión ofrece televisión (TV) digital, pago por visión TV, plataforma de vídeo bajo demanda y canales de alta definición, entre otros. Fibertel ofrece acceso a Internet con conexión inalámbrica y de banda ancha en Argentina. Fibertel también ofrece soluciones de telecomunicaciones, como centros de datos y soluciones en nube, a clientes corporativos. Nextel es un proveedor de servicios móviles en Argentina."
454,Ecogas,ECOG,STOCK,ONE_WORKING_DAY,true,Considerar que la lámina mínima de operación es de 10 valores nominales.Ecogas es una empresa argentina dedicada a la distribución del servicio de gas natural en distintas provincias. Ecogas está conformada por dos empresas: Distribuidora de Gas del Centro S.A. y Distribuidora de Gas Cuyana S. A. Entre las dos brindan el servicio a 976.790 clientes.
281,Edenor,EDN,STOCK,ONE_WORKING_DAY,true,Empresa Distribuidora y Comercializadora Norte S.A. es una empresa de servicio público. La empresa se dedica a la distribución de electricidad en Argentina. Tiene una concesión para distribuir electricidad en la parte noroeste del área metropolitana del Gran Buenos Aires y en la parte norte de la Ciudad de Buenos Aires.
268,Grupo Financiero Galicia,GGAL,STOCK,ONE_WORKING_DAY,true,"Grupo Financiero Galicia S.A. es una sociedad de servicios financieros. Su segmento comercial de Banca representa el Banco Galicia consolidado línea por línea con el Banco Galicia Uruguay S.A. (Galicia Uruguay). Opera el segmento de Tarjetas de Crédito Regionales a través de Tarjetas Regionales S.A. y sus filiales. Su segmento comercial CFA extiende préstamos personales sin garantía a segmentos de ingresos bajos y medios de la población argentina. La Compañía opera en el segmento de Seguros a través de Sudamericana Holding S.A. y sus filiales. Su segmento Otros Negocios de Grupo Galicia incluyen los resultados de Galicia Warrants S.A., Galicia Administradora de Fondos S.A., Sociedad Gerente de Fondos Comunes de Inversión y Net Investment S.A."
286,Irsa,IRSA,STOCK,ONE_WORKING_DAY,true,"Inversiones y Representaciones Sociedad Anónima (IRSA) es una sociedad dedicada a la gestión de cartera. a empresa invierte tanto en su propio nombre como a través de entidades receptoras de fondos de inversiones que operan en diversos sectores de la economía mundial. Los sectores claves de la compañía abarcan Telecomunicaciones, Bienes Raíces, Mercado Agrícola, Seguros y Servicios Financieros. La cantidad mínima para comprar o vender acciones de Inversiones y Representaciones SA (IRSA) es de 10 valores nominales."
269,Loma Negra,LOMA,STOCK,ONE_WORKING_DAY,true,"Loma Negra Compañía Industrial Argentina S.A. es una empresa con sede en Argentina, que participa en el segmento de hormigón y cemento. La Empresa se centra en la fabricación y comercialización de cemento y productos relacionados, tales como cal, cemento de albañilería, así como hormigón y agregados."
396,Metrogas,METR,STOCK,ONE_WORKING_DAY,true,Metrogas es una empresa argentina cuya principal actividad se relaciona con la distribución de gas natural.
282,Mirgor,MIRG,STOCK,ONE_WORKING_DAY,true,"Mirgor SA es una empresa con sede en Argentina dedicada principalmente a la fabricación de electrónica del hogar. Sus actividades están estructuradas en dos segmentos de negocio: Automotriz, especializado en la producción y distribución de sistemas de aire acondicionado, cajas de engranajes, unidades de termocambiadores y conjuntos de ruedas para automóviles, y Electrodomésticos, que se involucra en la fabricación y comercialización de unidades residenciales y comerciales de aire acondicionado, hornos microondas, monitores, notebooks, equipos de sonido y teléfonos celulares bajo la marca Samsung, entre otros."
270,Pampa Energia,PAMP,STOCK,ONE_WORKING_DAY,true,"Pampa Energía S.A. es una compañía de electricidad integrada. La compañía, a través de sus filiales, se dedica a la generación, transmisión y distribución de energía eléctrica en Argentina. Sus segmentos incluyen la generación, transmisión, distribución, petróleo y gas, holding y otros."
277,Grupo Supervielle,SUPV,STOCK,ONE_WORKING_DAY,true,"Grupo Supervielle S.A. es una grupo de servicios financieros universales basada en Argentina. La Compañía ofrece servicios de banca minorista y cooperativa, tesorería, financiación al consumo, seguros, gestión de activos y otros productos y servicios en todo el país a una amplia base de clientes que incluye: particulares, pequeñas y medianas empresas y empresas medianas y grandes, entre otras. La Compañía opera a través de una plataforma multimarca y multicanal con huella nacional estrategia."
283,Telecom Argentina,TECO2,STOCK,ONE_WORKING_DAY,true,"Telecom Argentina S.A. ofrece servicios de telecomunicaciones de líneas fijas en Argentina y otros servicios relacionados con la telefonía, como el servicio de larga distancia internacional, transmisión de datos, soluciones de tercerización de tecnologías de información y servicios de Internet. Los segmentos de la empresa son: servicios de telecomunicaciones fijas (servicios fijos), servicios de telecomunicaciones móviles personales (servicios móviles personales) y servicios de telecomunicaciones móviles Núcleo (servicios móviles Núcleo). La empresa, a través de sus subsidiarias, también ofrece servicios de telecomunicaciones móviles y servicios mayoristas internacionales. El segmento de servicios fijos consta de servicios de telefonía básica, servicios de interconexión, transmisión de datos y servicios de Internet, servicios de tecnología de información y comunicación y otros servicios telefónicos."
285,Transportadores de Gas del Norte,TGNO4,STOCK,ONE_WORKING_DAY,true,"Transportadora de Gas del Norte S.A. es una compañía argentina principalmente dedicada a la distribución de gas natural. Además, la compañía también distribuye gas a Chile, Brasil y Uruguay."
271,Transportadora de Gas Del Sur,TGSU2,STOCK,ONE_WORKING_DAY,true,"Transportadora de Gas del Sur S.A. se dedica al transporte de gas natural, y la producción y comercialización de líquidos de gas natural (Líquidos). La compañía opera a través de cuatro segmentos: Servicios de Transporte de Gas Natural, Producción y Comercialización de Líquidos, Otros Servicios y Telecomunicaciones. El segmento de Transporte de Gas Natural incluye la capacidad del gasoducto, que es reservada y se paga. Su segmento de Producción y Comercialización de Líquidos consiste en actividades de procesamiento de gas natural. El segmento de TGS presta servicios de fases intermedias que consisten en servicios de acondicionamiento, recolección y compresión de gas, que se realizan en la cabeza del pozo, así como actividades relacionadas con la construcción, operación y mantenimiento de los gasoductos y las plantas compresoras."
284,Transener,TRAN,STOCK,ONE_WORKING_DAY,true,"Su denominación social completa es Compañía de Transporte de Energía Eléctrica en Alta Tensión S.A. y se dedica al transporte de energía eléctrica en alta tensión. También ofrece servicios profesionales tales como mantenimiento de líneas y subestaciones, operación de líneas y subestaciones, supervisión e inspección de obras de transmisión, así como servicios de ingeniería y consultoría, entre otros."
272,Ternium (Acción),TXAR,STOCK,ONE_WORKING_DAY,true,"Ternium Argentina SA, es una empresa con sede en Argentina dedicada a la industria del acero. Las actividades de la Compañía se dividen en tres segmentos: Acero Revestido, Acero No Revestido y Otros. La división de Acero Revestido se enfoca en la producción de láminas de acero galvanizado, electrogalvanizado, prepintado y hojalata. La división de Acero No Revestido es responsable de la fabricación de acero laminado en caliente y en frío. La división Otros incluye losas de acero, fundición de lingotes, así como sobremoldeo de acero. Sus productos se utilizan en diversas industrias, como la automotriz, la construcción, la maquinaria industrial y los equipos comerciales."
275,Grupo Financiero Valores,VALO,STOCK,ONE_WORKING_DAY,true,"Grupo Financiero Valores SA, es una compañía con sede en Argentina dedicada a las actividades financieras y de inversión. La Compañía opera a través de dos segmentos: Actividad de inversión y Actividad bancaria, que comprende las actividades de Banco de Valores S.A., una filial de la Compañía. Banco de Valores S.A. sirve como un fideicomisario y agente de custodia de inversiones colectivas, tales como fideicomisos y fondos mutuos, un emisor de valores gubernamentales y corporativos, incluyendo acciones y títulos de deuda, y un asegurador de ofertas pública de adquisición (OPA) en el mercado de capitales argentino. Las filiales de la Compañía también incluyen Mercado de Futuros y Opciones S.A., que se especializa en el corretaje de contratos de futuros y opciones."
273,YPF,YPFD,STOCK,ONE_WORKING_DAY,true,"YPF SA es una empresa de energía. La empresa opera una cadena totalmente integrada de petróleo y gas. La empresa opera a través de varios segmentos, entre los que se encuentran exploración y producción, derivados y corporativo y otros. El segmento de exploración y producción de la empresa incluye las actividades de exploración y producción, adquisiciones de gas natural y petróleo crudo, ventas de gas natural y, en menor medida, petróleo crudo a terceros y ventas entre segmentos de petróleo crudo, gas natural y sus derivados. El segmento de derivados de la empresa se dedica a la refinación, el transporte y la compra de petróleo crudo y gas natural a terceros y ventas entre segmentos, y a la comercialización de petróleo crudo, gas natural, productos refinados, petroquímicos, generación de energía eléctrica y distribución de gas natural."
70,American Airlines,AAL,CEDEARS,ONE_WORKING_DAY,true,American Airlines Group Inc es un conglomerado que opera como compañía aérea de red. Ofrece servicios de transporte aéreo programado tanto pasajeros como para carga. Tiene una flota de más de 800 aviones y opera tanto dentro como fuera de Estados Unidos.
1,Apple,AAPL,CEDEARS,ONE_WORKING_DAY,true,"Apple Inc. diseña, fabrica y comercializa equipos electrónicos, ofrece servicios de pago, contenido digital, nube y publicidad. Dentro de los equipos electrónicos podemos encontrar teléfonos inteligentes, computadoras personales y profesionales, tablets y accesorios como auriculares o relojes inteligentes. Su mercado se centra en el consumo tanto de personas físicas como para educación, empresas y sectores gubernamentales en todo el mundo."
436,Ambev,ABEV,CEDEARS,ONE_WORKING_DAY,true,"Ambev SA tiene como actividad principal la producción y distribución de cerveza. También opera en el negocio de gaseosas, bebidas sin alcohol y no carbonatadas con marcas patentadas. Cuenta con derechos exclusivos de embotellado y distribución de productos Pepsi CSD en Brasil."
80,Airbnb,ABNB,CEDEARS,ONE_WORKING_DAY,true,Airbnb Inc opera una plataforma de estadías y experiencias para huéspedes de todo el mundo. A través del servicio web y aplicación conecta anfitriones y viajeros para reservar tanto espacios de estadía como experiencias de viajes.
310,Accenture,ACN,CEDEARS,ONE_WORKING_DAY,true,"Accenture PLC ofrece servicios y soluciones de consultoría de gestión y tecnología. Entrega una gama de capacidades y soluciones especializadas a clientes de todas las industrias a nivel mundial. Opera una red de empresas que brinda asesoría, tecnología, externalización y alianzas."
491,ETF Global de Acciones ACWI,ACWI,CEDEARS,ONE_WORKING_DAY,true,Invierte en empresas de gran y mediana capitalización de mercados desarrollados y emergentes de todo el mundo. Sigue el índice MSCI ACWI.
368,Adobe,ADBE,CEDEARS,ONE_WORKING_DAY,true,"Adobe Inc. comercializa, desarrolla y provee asistencia de productos y tecnologías de software a diferentes clientes a nivel global. Sus productos se enfocan en que los usuarios se puedan expresar y utilizar información en medios electrónicos e impresos."
227,Adecoagro,ADGO,CEDEARS,ONE_WORKING_DAY,true,"Adecoagro es una empresa agroindustrial en Sudamérica. Se dedica a cultivos agrícolas, operaciones lácteas, y actividades de transformación de tierra. Además se dedica a la siembra, cosecha y comercialización de granos y oleaginosas."
239,Agnico Eagle Mines Limited,AEM,CEDEARS,ONE_WORKING_DAY,true,"Agnico Eagle Mines Limited es una empresa con base en Canadá, productor de oro con desarrollos en varios países de América. Su actividad principal se basa en la producción de metales preciosos, partiendo desde identificación de nuevas reservas mineras hasta la producción y refinamiento de los metales."
485,C3.ai,AI,CEDEARS,ONE_WORKING_DAY,true,"Plataforma de inteligencia artificial aplicada a mantenimiento predictivo, logística y gestión energética."
210,Advanced Micro Devices,AMD,CEDEARS,ONE_WORKING_DAY,true,"Advanced Micro Devices, Inc. opera como una empresa de semiconductores en todo el mundo. La compañía opera en dos segmentos, computación y gráficos y Enterprise, incrustado y semi-personalizado. Sus productos incluyen microprocesadores X86 como unidad de procesamiento acelerado, chipsets, unidades de procesamiento gráficos discretos e integrados (GPU), Centro de datos y GPU profesionales, y servicios de desarrollo y procesadores de servidor y integrado, y productos de sistema en chip semicustominos (SOC), servicios de desarrollo y tecnología para consolas de juegos."
2,Amazon,AMZN,CEDEARS,ONE_WORKING_DAY,true,"Amazon.com Inc se dedica a la venta minorista de productos de consumo. También fabrica y vende dispositivos electrónicos como lectores, tabletas, televisores y otros dispositivos. Además proporciona servicios de cómputo, almacenamiento de bases de datos, y otros servicios web (AWS). Estos servicios son utilizados mundialmente para el funcionamientos de distintas aplicaciones y web conocidas. Por otro lado tiene servicios de membresía, Amazon Prime, que permite acceder a distintas contenidos de multimedia y de streaming."
36,ETF Innovación ARK,ARKK,CEDEARS,ONE_WORKING_DAY,true,"ARKK es un ETF de gestión activa que busca el crecimiento del capital a largo plazo invirtiendo principalmente en valores de renta variables que son relevantes para el desarrollo de innovación disruptiva. Dentro del ETF se incluyen empresas que benefician o son beneficiadas por mejoras tecnológicas y avances en la investigación científicas como robótica, automatización, energías renovables, inteligencia artificial entre otras."
467,ASML Holding,ASML,CEDEARS,ONE_WORKING_DAY,true,Fabricante europeo de sistemas de litografía esenciales para la producción de semiconductores.
225,Yamana Gold Inc (suspendida),AUY,CEDEARS,ONE_WORKING_DAY,false,"El día 03/04/2023 se hizo efectivo el desliste de YAMANA GOLD INC (AUY) en el mercado estadounidense, como consecuencia de la adquisición de esta por parte de Pan American Silver Corp y Agnico Eagle Mines Limited. El Banco Comafi, en su carácter de emisor del programa, comunicó el impacto que esta adquisición tiene en los CEDEARs de Yamana Gold Inc.
En consecuencia, también el CEDEAR queda deslistado de BYMA, es decir, éste no se va a poder comprar ni vender. Te estaremos avisando las próximas novedades respecto a los eventos de pago asociados a medida que estos sean informados por el emisor y procesados por Caja de Valores."
432,Broadcom,AVGO,CEDEARS,ONE_WORKING_DAY,true,"Broadcom Inc. diseña, desarrolla y suministra soluciones de software de semiconductores e infraestructura. Ofrece adaptadores de almacenamiento, controladores, procesadores de redes, codificadores de control de movimiento, sensores ópticos y software de infraestructura y seguridad para modernizar, optimizar y proteger entornos híbridos complejos. Opera mundialmente."
230,American Express,AXP,CEDEARS,ONE_WORKING_DAY,true,"American Express Company, junto con sus subsidiarias, proporciona productos de tarjetas de pago de cargos y crédito, y servicios relacionados con los viajes en todo el mundo. Sus productos y servicios incluyen productos de pago y financiación, servicios de red, cuentas por pagar productos y servicios de gestión de gastos y servicios de viaje y estilo de vida. American Express Company fue fundada en 1850 y tiene su sede en Nueva York, Nueva York."
448,Astrazeneca,AZN,CEDEARS,ONE_WORKING_DAY,true,"AstraZeneca PLC opera como una sociedad de cartera. Mediante subsidiarias, estudia, fabrica y vende productos farmacéuticos y médicos. Centra sus operaciones en ocho áreas terapéuticas, incluyendo gastrointestinal, oncológica, cardiovascular, respiratoria, sistema nervioso central, control del dolor, anestesia e infecciones."
206,Barrick Gold,B,CEDEARS,ONE_WORKING_DAY,true,"Barrick Gold se dedica a la exploración de minas, producción y venta de minerales de oro y cobro. Es propietaria de distintas minas tanto de oro como de cobre a lo largo del mundo."
228,The Boeing Company,BA,CEDEARS,ONE_WORKING_DAY,true,"La Compañía Boeing, junto con sus subsidiarias, diseña, desarrolla, fabrica, vende, servicios y apoya a JetLiners comerciales, aviones militares, satélites, defensa de misiles, sistemas de vuelo espacial y lanzamiento humano, y servicios en todo el mundo. Opera a través de cuatro segmentos: aviones comerciales; Defensa, espacio y seguridad; Servicios globales; y Boeing Capital. El segmento de aviones comerciales desarrolla, produce y comercializa aeronaves comerciales a aviones de aviones comerciales para los requisitos de pasajeros y carga, así como proporciona servicios de soporte de flota. comercializa aeronaves comerciales a aviones de aviones comerciales para los requisitos de pasajeros y carga, así como proporciona servicios de soporte de flota."
213,Bank of America,BA.C,CEDEARS,ONE_WORKING_DAY,true,"Banco de América Corporation proporciona una gama diversificada de servicios financieros de bancarios y no bancarios y productos a través de tres segmentos de negocio: consumidor mundial y pequeñas empresas Banking, corporativa global Banking de inversiones y Patrimonio Mundial y gestión de las inversiones."
208,Alibaba,BABA,CEDEARS,ONE_WORKING_DAY,true,"Alibaba Group Holding Limited, a través de sus subsidiarias, proporciona infraestructura tecnológica y alcance de marketing para ayudar a comerciantes, marcas, minoristas y otras empresas a interactuar con sus usuarios y clientes de China e internacionalmente. Además, la compañía proporciona informática elástica, almacenamiento, red, seguridad, base de datos y big data, y servicios de IT."
433,Braskem,BAK,CEDEARS,ONE_WORKING_DAY,true,"Braskem S.A. fabrica productos petroquímicos y genera electricidad.  La empresa produce etileno, propileno, benceno, tolueno, xileno, butadieno, buteno, isopreno, diciclopentadieno, MTBE, caprolactamo, sulfato de amonio, ciclohexeno, tereftalato de polietileno, polietileno y cloruro de polivinilo (PVC)."
209,Banco Bradesco,BBD,CEDEARS,ONE_WORKING_DAY,true,"Banco Bradesco, junto con sus subsidiarias, ofrece varios productos y servicios bancarios a individuos, empresas y empresas en Brasil e internacionalmente. Opera a través de dos segmentos, banca y seguro."
446,Baidu,BIDU,CEDEARS,ONE_WORKING_DAY,true,"Baidu, Inc. opera un motor de búsqueda en Internet. Ofrece búsquedas algorítmicas y empresariales, noticias, MP3 y búsquedas de imágenes, asistencia por voz, almacenamiento en línea y servicios de navegación. Atiende a clientes a nivel mundial."
95,Bioceres Crop Solutions,BIOX,CEDEARS,ONE_WORKING_DAY,true,"Bioceres Crop Solutions Corp es una empresa argentina de biotecnología agrícola. Ofrece soluciones de productividad de cultivos, que incluyen semillas, tratamiento de semillas, productos biológicos, fertilizantes y demás. La empresa ofrece una plataforma capaz de brindar soluciones a lo largo de todo el ciclo de cultivo, desde la pre siembra hasta el transporte y almacenamiento."
85,Bitfarms,BITF,CEDEARS,ONE_WORKING_DAY,true,Bitfarms Ltd es una empresa de infraestructura Blockchain y minería de criptomonedas. Posee y opera granjas de servidores que validan transacciones de bitcoin blockchain y obtienen criptomonedas a partir de recompensas de bloque y tarifas.
335,Booking,BKNG,CEDEARS,ONE_WORKING_DAY,true,"Booking Holdings Inc. opera como una empresa de viajes en línea. Ofrece una plataforma que permite realizar reservas de viajes, reservas de alojamiento, alquiler de coches, billetes de avión y paquetes vacacionales."
237,Berkshire Hathaway,BRKB,CEDEARS,ONE_WORKING_DAY,true,"Es una sociedad tenedora de origen estadounidense, dueña total o parcial de las acciones de varios grupos empresariales. Sus principales actividades se centran en los seguros, reaseguros y otras inversiones. Algunas de las empresas de las cuales es accionista son Apple, bank Of America, The Coca Cola Company entre otras. Su director ejecutivo actualmente es Warren Buffett."
217,Citigroup,C,CEDEARS,ONE_WORKING_DAY,true,"Citigroup Inc., una compañía de cartera de servicios financieros diversificados, ofrece varios productos y servicios financieros a consumidores, corporaciones, gobiernos e instituciones en América del Norte, América Latina, Asia, Europa, Oriente Medio y África."
373,Caterpillar,CAT,CEDEARS,ONE_WORKING_DAY,true,"Caterpillar Inc. fabrica, diseña y comercializa maquinaria para construcción, minería y uso foresta que comercializa a lo largo del globo."
479,ETF Ciberseguridad,CIBR,CEDEARS,ONE_WORKING_DAY,true,"ETF de ciberseguridad con empresas como CrowdStrike, Palo Alto Networks. Sector en crecimiento."
441,Colgate,CL,CEDEARS,ONE_WORKING_DAY,true,"Colgate-Palmolive Company es una empresa de productos de consumo comercializados en todo el mundo. Sus productos incluyen pasta y cepillos de dientes, champúes, desodorantes, jabones en barra y líquidos, jabón líquido de máquinas de trastes, lavandería, así como nutrición de perros y gatos."
69,Coinbase,COIN,CEDEARS,ONE_WORKING_DAY,true,Coinbase Inc es una plataforma de comercio de criptomonedas que ofrece servicios de intercambio entre criptomonedas y monedas fiduciarias en más de 32 países.
223,Salesforce Inc,CRM,CEDEARS,ONE_WORKING_DAY,true,"Salesforce, Inc. proporciona tecnología de gestión de relaciones con el cliente que reúne a empresas y clientes en todo el mundo. Su plataforma Customer 360 permite a sus clientes trabajar juntos para ofrecer experiencias conectadas para sus clientes. Las ofertas de servicios de la compañía incluyen ventas para almacenar datos, monitorear clientes potenciales y progresos, oportunidades de pronóstico, obtener información a través de análisis e inteligencia de relaciones, y entregar cotizaciones, contratos y facturas; y servicio que permite a las empresas ofrecer un servicio y soporte al cliente de confianza y altamente personalizados a escala."
311,CVS Health Corp,CVS,CEDEARS,ONE_WORKING_DAY,true,"CVS Health Corporation ofrece servicios de atención sanitaria y de farmacia al por menor. Ofrece medicamentos con receta, productos de belleza, cuidado personal, cosméticos y de salud, así como gestión de beneficios de farmacia (PBM), gestión de enfermedades y servicios administrativos."
204,Chevron,CVX,CEDEARS,ONE_WORKING_DAY,true,"Chevron fue fundada en 1879 y se dedica a la exploración, desarrollo, producción y transporte de petróleo crudo y gas natural. Desarrolla actividades también en la refinacion de petroleo, lubricantes, combustibles renovable sy otros."
316,Delta Air Lines,DAL,CEDEARS,ONE_WORKING_DAY,true,"Delta Air Lines, Inc. brinda transporte aéreo programado para pasajeros, carga y correo a través de una red de rutas. Ofrece información sobre el estado del vuelo, reservas, manejo de equipaje y otros servicios relacionados."
376,Diageo,DEO,CEDEARS,ONE_WORKING_DAY,true,"Diageo plc destila, produce y comercializa bebidas alcohólicas. En su oferta de bebidas, incluye vodka, whiskey, tequila, gin y cerveza. Es dueño de marcas como whiskies Johnnie Walker, los vodkas Smirnoff, Ciroc, Tanqueray y Guinness."
68,Despegar,DESP,CEDEARS,ONE_WORKING_DAY,false,"Tras la aprobación del acuerdo de fusión la compañía anunció fecha efectiva de desliste 15-05-2025, los tenedores tendrán derecho a recibir USD 19.50 por cada Acción Ordinaria. Record Date y Fecha de Pago 20-05-25."
397,Danaher,DHR,CEDEARS,ONE_WORKING_DAY,true,"Danaher Corp. es una empresa estadounidense vinculada al desarrollo, producción y comercialización de productos relacionados a la industria médica."
88,ETF Industrial Dow Jones,DIA,CEDEARS,ONE_WORKING_DAY,true,El Diamonds Trust Series I es un conjunto de inversiones que intenta replicar el rendimiento del índice industrial Dow Jones. El índice es uno de los m‡s antiguos del mercado de valores estadounidense y está compuesto por 30 acciones de alta capitalización bursátil.
7,Disney,DISN,CEDEARS,ONE_WORKING_DAY,true,"The Walt Disney Company es un conglomerado de entretenimiento. Dentro de sus subsidiarias podemos encontrar a los parques de Disney con temáticas de todas sus películas. Pixar y Disney son estudios de animación y rodaje que han realizado y siguen realizando películas para todas las edades. Uno de sus últimos desarrollos fue Disney+, una plataforma de entretenimiento audiovisual por streaming."
90,Dow Inc,DOW,CEDEARS,ONE_WORKING_DAY,true,"Dow Chemical Company es una de las empresas químicas más grandes del mundo. Se dedica principalmente a la producción de reactivo químicos y de placas fotovoltaicas de película fina. Durante sus años de trayectoria Dow se especializó en crear valores en productos químicos especializados, materiales avanzados, agrosciences y negocios de plastico."
71,Electronic Arts,EA,CEDEARS,ONE_WORKING_DAY,true,"Electronic Arts Inc desarrolla, comercializa, publica y distribuye videojuegos para distintas plataformas como computadoras, teléfonos móviles y tabletas en todo el mundo. Dentro de sus juegos más conocidos podemos encontrar Los Sims, Plants vs Zombies, FIFA y otros. La empresa además ofrece servicios de publicidad y concede licencias para juegos de terceros."
435,eBay,EBAY,CEDEARS,ONE_WORKING_DAY,true,"eBay Inc. opera como una empresa de comercio electrónico. Se centra en la compra y venta de electrónica, automóviles, ropa y artículos de colección. Cuenta con clientes en todo el mundo."
91,ETF Mercados Emergentes,EEM,CEDEARS,ONE_WORKING_DAY,true,iShares MSCI Emerging Markets ofrece resultados de inversión que generalmente corresponden al precio y rendimiento del índice MSCI Emerging Markets. Este índice mide el rendimiento de los mercados emergentes del mundo. Las empresa que forman parte del indice deben cumplir con criterios objetivos para su inclusión.
489,ETF Acciones Globales Desarrolladas,EFA,CEDEARS,ONE_WORKING_DAY,true,Invierte en mercados desarrollados fuera de EE.UU. y Canadá.
401,Equinor ASA,EQNR,CEDEARS,ONE_WORKING_DAY,true,"Equinor ASA es una compañía petrolera que abarca tanto la exploración como la producción, refinamiento y la posterior comercialización de este último. Cuenta con su sede principal en Noruega."
412,ETF Ethereum,ETHA,CEDEARS,ONE_WORKING_DAY,true,"El iShares Ethereum trust tiene el objetivo de reflejar la variacion de precio del Ether, criptomoneda principal de la blockchain Ethereum."
471,ETF Japón,EWJ,CEDEARS,ONE_WORKING_DAY,true,"Sigue al índice MSCI Japan, permitiendo invertir en grandes y medianas compañías japonesas."
37,ETF Brasil,EWZ,CEDEARS,ONE_WORKING_DAY,true,"iShares MSCI Brasil es un ETF que busca replicar los resultados de inversión que corresponden al mercado brasilero, y siguen al índice MSCI."
82,Ford,F,CEDEARS,ONE_WORKING_DAY,true,"Ford Motor Company es un productor de automóviles y camiones. Además es poseedora de distintas subsidiarias que permiten la financiación de vehículos, como también leasing y seguros."
439,FedEx,FDX,CEDEARS,ONE_WORKING_DAY,true,"FedEx Corporation entrega paquetes y fletes a varios países y territorios a través de una red global integrada. Ofrece entrega rápida y de carga en todo el mundo y soluciones de pequeñas paquetes, transportes regionales, gestión de la cadena de suministro, servicios de corretaje aduanero, facilitación comercial y comercio electrónico."
232,First Solar,FSLR,CEDEARS,ONE_WORKING_DAY,true,"First Solar, Inc. proporciona soluciones de energía solar fotovoltaica (PV) en los Estados Unidos, Japón, Francia, Canadá, India, Australia e internacionalmente. La compañía diseña, fabrica y vende módulos solares de Cadmium Telluride que convierte la luz solar en electricidad. Sirve a desarrolladores y operadores de sistemas, servicios públicos, productores de energía independientes, empresas comerciales e industriales y otros propietarios de sistemas."
416,ETF China Gran Capitalización,FXI,CEDEARS,ONE_WORKING_DAY,true,"El iShares China Large-Cap ETF es un fondo que sigue el índice FTSE China 50, e invierte en empresas de alta capitalización bursatil de China."
492,ETF Mineras de Oro,GDX,CEDEARS,ONE_WORKING_DAY,true,"Invierte en acciones de empresas globales que se dedican a la extracción de oro. No invierte directamente en el metal, sino en compañías como Barrick Gold y Newmont."
214,General Electric,GE,CEDEARS,ONE_WORKING_DAY,true,"General Electric Company opera como una empresa industrial de alta tecnología a nivel mundial. Ofrece turbinas de gas y vapor, equilibrio total de plantas, actualizaciones y soluciones de servicio. La compañía también ofrece varias soluciones para sus clientes mediante la combinación de viento en tierra y en alta mar, fabricación de cuchillas, soluciones de cuadrícula, hidroeléctricas, almacenamiento, renovables híbridas y servicios digitales."
413,Gold ETF,GLD,CEDEARS,ONE_WORKING_DAY,true,El SPDR Gold Shares busca reflejar la evolución del precio del oro. Ofrece a los inversores una forma rentable de invertir en oro sin necesidad de comprar y almacenar físicamente lingotes de oro.
67,Globant,GLOB,CEDEARS,ONE_WORKING_DAY,true,"Globant es una empresa de innovación, diseño e ingeniería a gran escala originaria de Argentina que opera en más de 14 países. Incluye desarrollo de aplicación, manejo de infraestructura tecnológica y mantenimiento de aplicaciones."
236,General Motors,GM,CEDEARS,ONE_WORKING_DAY,true,"General Motors Company fundada en 1908 diseña, construye y vende camiones, automóviles y autopartes. En paralelo proporciona servicios y suscripciones de software en todo el mundo. Comercializa sus vehículos principalmente bajo las marcas Buick, Cadillac, Chevrolet, GMC, Baojun y Wuling. Por otro lado, ofrece mantenimiento, reparaciones de luz, reparaciones de choques, accesorios de vehículos y garantías de servicio extendidas; y servicios de seguridad. Además, la compañía brinda servicios de conectividad para que los propietarios controlen de forma remota sus vehículos."
8,Google,GOOGL,CEDEARS,ONE_WORKING_DAY,true,"Alphabet es una empresa multinacional estadounidense que desarrolla productos y servicios relacionados con internet, software, dispositivos electrónicos y otra tecnologías. También forma parte de industrias como la biotecnología, salud y telecomunicaciones. Sus principales subsidiarias con Google, un motor de búsqueda, YouTube, servicios de entretenimiento audiovisual, Google Maps, servicios de ubicaciones geográficas, Gmail, uno de los principales medios de comunicación de correo electrónico, entre otras."
431,Geopark,GPRK,CEDEARS,ONE_WORKING_DAY,true,"Geopark Limited es una empresa de prospección y producción de petróleo y gas. Posee, opera y produce propiedades en Chile, Colombia, Brasil y Argentina."
221,Goldman Sachs,GS,CEDEARS,ONE_WORKING_DAY,true,"Goldman Sachs Group, Inc. ofrece una gama de servicios financieros para corporaciones, instituciones financieras, gobiernos e individuos en todo el mundo. Opera a través de cuatro segmentos: banca de inversión, mercados globales, gestión de activos y gestión de consumo y patrimonio."
398,Goodyear Tire & Rubber,GT,CEDEARS,ONE_WORKING_DAY,true,"Goodyear Tire & Rubber Co. Es una empresa con sede en Estados Unidos que cuenta con presencia en todo el globo. Su principal foco está en el desarrollo, producción y comercialización de neumáticos."
452,Halliburton,HAL,CEDEARS,ONE_WORKING_DAY,true,"Halliburton Company provee servicios de energía, construcción e ingeniería, así como fabrica productos para la industria de energía. Ofrece servicios, productos y soluciones integradas a clientes en la exploración, desarrollo, y extracción de petróleo y gas natural."
440,Honda Motor Co.,HMC,CEDEARS,ONE_WORKING_DAY,true,"Honda Motor Co., Ltd. desarrolla, fabrica y distribuye motocicletas, automóviles y productos eléctricos, como generadores y maquinaria agrícola. También opera una empresa emisora de créditos financieros. Cuenta con fábricas en Estados Unidos, Canadá, Reino Unido, Francia, Italia, España, Brasil, México, India y Tailandia."
224,Harmony Gold Mining Company,HMY,CEDEARS,ONE_WORKING_DAY,true,"Harmony Gold Mining Company Limited se involucra en la exploración, extracción y procesamiento de oro. La compañía también posee intereses en Hidden Valley, una mina de oro y plata de pozo abierto y el proyecto Wafi-Golpu ubicado en la provincia de Morobe en Papua Nueva Guinea. Harmony Gold Mining Company Limited se incorporó en 1950 y tiene su sede en Randfontein, Sudáfrica."
531,Robinhood,HOOD,CEDEARS,ONE_WORKING_DAY,true,"Robinhood Markets Inc. es una empresa estadounidense de servicios financieros que ofrece una plataforma digital para invertir en acciones, ETFs y criptomonedas sin comisiones. Opera principalmente en Estados Unidos y busca hacer que invertir sea accesible y simple para todos."
86,Hut 8 Corp,HUT,CEDEARS,ONE_WORKING_DAY,true,Hut 8 Mining es una empresa de minería de criptomonedas. Posee servidores que validan transacciones de bitcoin y obtiene criptomonedas.
418,ETF Biotecnología,IBB,CEDEARS,ONE_WORKING_DAY,true,"Este ETF se centra en el sector biotecnológico, proporcionando acceso a empresas que desarrollan productos y tecnologías innovadoras en el campo de la salud."
415,ETF Bitcoin,IBIT,CEDEARS,ONE_WORKING_DAY,true,"El iShares Bitcoin trust tiene el objetivo de reflejar la variacion de precio del Bitcoin, criptomoneda de la blockchain Bitcoin."
229,International Business Machines,IBM,CEDEARS,ONE_WORKING_DAY,true,"International Business Machines Corporation ofrece soluciones y servicios integrados en todo el mundo. La compañía opera a través de cuatro segmentos comerciales: software, consultoría, infraestructura y financiamiento. El segmento de infraestructura proporciona soluciones de servidor y almacenamiento basadas en la nube y en la nube para las cargas de trabajo misioneras y reguladas de sus clientes; y servicios de soporte y soluciones para infraestructura en la nube híbrida, así como servicios de remanufactura y remarketing para equipos usados."
490,ETF Mercados Emergentes MSCI,IEMG,CEDEARS,ONE_WORKING_DAY,true,"Proporciona exposición a empresas de gran, mediana y pequeña capitalización en mercados emergentes globales (como China, India, Brasil, etc.)."
417,ETF Europa,IEUR,CEDEARS,ONE_WORKING_DAY,true,"Un ETF que ofrece exposición a empresas de gran y mediana capitalización en Europa, permitiendo diversificar las inversiones en el mercado europeo."
470,ETF Mediana Capitalización,IJH,CEDEARS,ONE_WORKING_DAY,true,"Replica el índice S&P MidCap 400, ofreciendo exposición a empresas medianas estadounidenses en crecimiento."
11,INTEL,INTC,CEDEARS,ONE_WORKING_DAY,true,"Intel Corporation fabrica circuitos integrados semiconductores. Fabrica productos como chips, microprocesadores, memoria flash y más. Estos procesadores los podemos encontrar tanto en computadores personales como profesionales y son una pieza fundamental para el correcto funcionamiento de computadoras, móviles y otros equipos electrónicos."
399,Intuitive Surgical Inc.,ISRG,CEDEARS,ONE_WORKING_DAY,true,"Intuitive Surgical Inc. es una empresa estadounidense que desarrolla y produce soluciones robóticas asistidas para intervenciones quirúrgicas, entre estos productos se encuentra Da Vinci Surgical, entre otros."
499,iShares Aeroespacial y Defensa de EE. UU. (ITA),ITA,CEDEARS,ONE_WORKING_DAY,true,"ETF que invierte en compañías estadounidenses de los sectores aeroespacial y defensa (fabricantes de aviones, equipamiento militar, contratistas)."
434,Banco Itau,ITUB,CEDEARS,ONE_WORKING_DAY,true,"Itau Unibanco Holding S.A. capta depósitos y ofrece servicios bancarios minoristas, comerciales, corporativos y particulares. Ofrece préstamos de consumo, gestión financiera, seguros, planes de pensiones, servicios de tesorería, hipotecas, arrendamiento financiero, corretaje de valores y cambio de divisas."
420,ETF Value S&P 500,IVE,CEDEARS,ONE_WORKING_DAY,true,"Este ETF invierte en acciones del segmento ""value"" del S&P 500, es decir, empresas que se consideran subvaloradas en relación con su rendimiento fundamental."
421,ETF Growth S&P 500,IVW,CEDEARS,ONE_WORKING_DAY,true,"Este ETF invierte en acciones del segmento ""growth"" del S&P 500, es decir, empresas que se espera que tengan un crecimiento superior al promedio del mercado."
89,ETF Russell 2000,IWM,CEDEARS,ONE_WORKING_DAY,true,"El ETF IWM ofrece exposición al índice Russell 2000, el cual está compuesto por acciones estadounidense de baja capitalización bursátil. Es uno de los ETF con mayor volatilidad, presentando oportunidades de altos rendimientos pero conllevando niveles de riesgo más altos."
366,Jumia,JMIA,CEDEARS,ONE_WORKING_DAY,true,"Jumia Technologies AG es la empresa de e-commerce líder en el contintente africano. Es también proveedora de soluciones logísticas, de entrega y envío a nivel global."
218,Johnson & Johnson,JNJ,CEDEARS,ONE_WORKING_DAY,true,"Johnson & Johnson, junto con sus subsidiarias, investiga y desarrolla, fabrica y vende varios productos en el campo de la salud en todo el mundo. Cubre diversos segmentos que van desde productos para el cuidado del bebé, cuidado oral, salud y belleza, entre otros."
211,JPMorgan Chase & Co,JPM,CEDEARS,ONE_WORKING_DAY,true,"JPMorgan Chase & Co. opera como una empresa de servicios financieros en todo el mundo a través de cuatro segmentos: Banca Minorista, Banca Corporativa, Banca Comercial (CB) y Administración de Activos Financieros."
13,Coca Cola,KO,CEDEARS,ONE_WORKING_DAY,true,"The Coca-Cola Company es un conglomerado que fabrica, distribuye y comercializa bebidas sin alcohol, concentrados y jarabes en todo el mundo. Sus bebidas se venden en más de 200 países y las más conocidas son Coca Cola, Fanta y Sprite. La empresa está activa y comercializa la gaseosa desde 1891, más de 130 años de historia, siendo una de las empresas más estables y con más antigüedad en el mundo."
304,Lithium Americas Corp,LAC,CEDEARS,ONE_WORKING_DAY,true,Lithium Americas Corp se dedica a la exploración y desarrollo de distintas propiedades del litio. Posee inverseiones en derechos de exploración y explotación a lo largo de EEUU y Canadá.
370,Eli Lilly and Company,LLY,CEDEARS,ONE_WORKING_DAY,true,"Eli Lilly and Company desarrolla, descubre, fabrica y vende productos farmacéuticos para humanos y animales en todo el mundo. Sus productos abarcan distintas áreas como son neurología, endocrinología, anti infecciosos, agentes cardiovasculares, oncología y de sanidad de animales."
449,Lockheed Martin,LMT,CEDEARS,ONE_WORKING_DAY,true,"Lockheed Martin Corporation es una empresa global de seguridad que primariamente estudia, diseña, desarrolla, fabrica, e integra productos y servicios tecnológicos y avanzados. Sus negocios comprenden el espacio, telecomunicaciones, electrónica, información y servicios, aeronáutica, energía y sistemas de integración. Opera en todo el mundo."
486,Lam Research,LRCX,CEDEARS,ONE_WORKING_DAY,true,"LAM Research produce equipos que se utilizan para fabricar semiconductores. También se centra en los mercados de grabado, deposición y limpieza. Vende sus productos a empresas como: Samsung Electronics y Taiwan Semiconductor Manufacturing."
81,Mastercard,MA,CEDEARS,ONE_WORKING_DAY,true,"MasterCard Incorporated es una empresa de tecnología que proporciona procesamiento de transacciones y otros productos y servicios relacionados con pagos tanto dentro como fuera de Estados Unidos. Facilita el procesamiento de transacciones de pago, incluida la autorización, compensación y liquidación de los movimientos."
14,Mcdonald's,MCD,CEDEARS,ONE_WORKING_DAY,true,"McDonald's Corporation es operador de franquicias de los restaurantes McDonald's, uno de los restaurantes de comida rápida más conocido del mundo que tiene presencia en más de 100 países."
312,Mondelez Internacional,MDLZ,CEDEARS,ONE_WORKING_DAY,true,"Mondelez International Inc. es una empresa de alimentos y bebidas. Fabrica y comercializa productos alimentarios envasados, como aperitivos, bebidas, queso, comidas preparadas y otros productos de alimentación envasados. Vende sus productos en todo el mundo."
9,Mercado Libre,MELI,CEDEARS,ONE_WORKING_DAY,true,"Mercado Libre es una empresa dedicada al comercio electrónico como principal actividad. Cuenta con operaciones en varios paises de latinoamerica como Argentina, Brasil, Chile y otros. También posee Mercadopago, un servicio financiero de pagos y cobros. Dentros de los servicios que ofrece permite a los vendedores optar por Mercado Envíos, que almacena y distribuye los productos comercializados en la plataforma. Empezó a cotizar en el Nasdaq en agosto de 2007."
3,Meta Platforms,META,CEDEARS,ONE_WORKING_DAY,true,"Meta Platforms Inc ofrece productos para conectarse y compartir contenido a través de dispositivos electrónicos alrededor del mundo. Facebook, Instagram, Messenger, WhatsApp y Oculus forman parte del grupo. Facebook permite conectar y brindar una vía de comunicación entre personas de todo el mundo. Instagram es una comunidad para compartir fotos, videos, mensajes y hasta ofrece servicios de tienda. Messenger es una aplicacion de mensajeria al igual que WhatsApp. Oculus es su más reciente desarrollo, un ecosistema que permite conectar a las personas pero a través de realidad virtual."
371,3M,MMM,CEDEARS,ONE_WORKING_DAY,true,"3M Company opera telecomunicaciones, mercados de electrónica, industriales, entre otros. Sus negocios abarcan operaciones manufactureras, tecnología, canales de mercadotecnia, entre otros recursos."
369,Altria Group,MO,CEDEARS,ONE_WORKING_DAY,true,"Altria Group, Inc. es un conglomerado. Vende y fabrica cigarros y otros productos de tabaco. ​Posee la marca Malboro a través de Philip Morris."
450,Merck,MRK,CEDEARS,ONE_WORKING_DAY,true,"Merck & Co., Inc. es una empresa de atención sanitaria global que ofrece medicamentos recetados, vacunas, terapias biológicas, veterinaria y parafarmacia, los cuales comercializa directamente y mediante capitales de riesgo. Opera en el ámbito farmacéutico, veterinario y de la parafarmacia."
305,Marvell,MRVL,CEDEARS,ONE_WORKING_DAY,true,"Marvell Technology, Inc. desarrolla y produce semiconductores y tecnología relacionada. Ofrece soluciones de seguridad y redes, procesamiento de datos seguros, redes y almacenamiento. Cuenta con presencia global."
12,Microsoft,MSFT,CEDEARS,ONE_WORKING_DAY,true,"Microsoft Corporation desarrolla, fabrica, licencia y apoya una gran variedad de productos de software para equipo de informática. Su servicio operativo lo podemos encontrar más que nada en computadoras tanto personas como profesionales y permite el uso de distintos software como Excel, Word, PowerPoint y otros. También forma parte del sector de gaming con productos como Xbox y periféricos. En el último tiempo ha comprado y desarrollado varios videojuegos para el sector."
394,MicroStrategy,MSTR,CEDEARS,ONE_WORKING_DAY,true,MicroStrategy Incorporated ofrece software de inteligencia de negocios y servicios relacionados junto a una plataforma que permite implementar soluciones web de informes y análisis.
6,Netflix,NFLX,CEDEARS,ONE_WORKING_DAY,true,"Netflix Inc es una plataforma de entretenimiento audiovisual por streaming. Ofrece la posibilidad de ver documentales, series, películas y más de distintos géneros e idiomas. Su última incorporación a la app consta de la posibilidad de ver videos cortos de las series y películas más vistas."
215,Nio,NIO,CEDEARS,ONE_WORKING_DAY,true,"Nio Inc. diseña, desarrolla, fabrica y vende vehículos eléctricos inteligentes en China. La compañía también participa en la provisión de paquetes de energía y servicio a sus usuarios, actividades de diseño y desarrollo tecnológico, fabricación de epowertrains, baterías y componentes y actividades de gestión de ventas y posteriores."
233,Nike,NKE,CEDEARS,ONE_WORKING_DAY,true,"Nike, Inc., junto con sus subsidiarias, diseña, desarrolla y vende calzado, ropa, equipos y accesorios de hombres, mujeres y niños en todo el mundo. La compañía ofrece calzado atlético y casual, ropa y accesorios bajo la marca registrada de Jumpman y zapatillas casuales, ropa y accesorios bajo el Converse, Chuck Taylor, All Star, One Star, Star Chevron y Jack Purcell Marks. Además, vende una línea de equipos de rendimiento y accesorios como ser bolsas, calcetines, balones, gafas, relojes, dispositivos digitales, entre otros."
469,ServiceNow,NOW,CEDEARS,ONE_WORKING_DAY,true,Plataforma en la nube que permite automatizar flujos de trabajo en grandes empresas.
302,Nubank,NU,CEDEARS,ONE_WORKING_DAY,true,"NU Holdings Ltd. opera como una sociedad de cartera. Mediante sus subsidiarias, provee préstamos y servicios de banca digital, además de emitir, gestionar, procesar y transferir pagos a tarjetas de crédito de pospago e inversiones en acciones en otras entidades. Atiende a clientes en todo el mundo brindandoles acceso al sistema financiero."
10,Nvidia,NVDA,CEDEARS,ONE_WORKING_DAY,true,"NVIDIA corporation es una empresa de computación visual. Opera en el segmento de GPU (Unidad de Procesamiento Gráfico) y en procesador Tegra (chip para dispositivos móviles, tabletas y otros). EL segmento de GPU ofrece procesadores como los geforce, utilizado generalmente en juegos de pc y pc de uso general. Forma parte de sectores como investigación científica, desarrollo de inteligencia artificial, procesamientos para minado de criptomonedas, desarrollo de pilas y baterias para automoviles de autoconducción."
437,Oracle,ORCL,CEDEARS,ONE_WORKING_DAY,true,"Oracle Corporation suministra software para gestionar información de empresas. Ofrece bases de datos y servidores, herramientas de desarrollo de aplicaciones y toma de decisiones y aplicaciones para empresas ejecutados en ordenadores de red, asistentes digitales personales, decodificadores, PC, terminales, miniordenadores, ordenadores centrales y ordenadores en paralelo"
400,O'Reilly Automotive,ORLY,CEDEARS,ONE_WORKING_DAY,true,O'Reilly Automotive Inc. es una empresa estadounidense que se dedica al comercio minorista de autopartes y productos relacionados al mercado automotriz.
238,Pan American Silver Corp,PAAS,CEDEARS,ONE_WORKING_DAY,true,"Pan American Silver Corp es una compania minera con base en Canadá y operaciones a lo largo de Latinoamérica. Se involucra en la exploración, el desarrollo de las minas, la extracción, procesamiento, refinación y recuperación de minas de plata, oro, zinc, plomo y cobre."
306,PagSeguro Digital,PAGS,CEDEARS,ONE_WORKING_DAY,true,"Pagseguro Digital Ltd, a través de sus subsidiarias, brinda soluciones y servicios de tecnología financiera para consumidores, y empresas de distintos tamaños en Brasil y también a escala internacional."
451,Palo Alto Networks,PANW,CEDEARS,ONE_WORKING_DAY,true,"Palo Alto Networks, Inc. proporciona soluciones de seguridad por Internet. Ofrece firewalls que identifican y controlan aplicaciones, exploran contenido para detener amenazas, evitan la fuga de datos y visibilidad integrada de aplicaciones, usuarios y contenido. Atiende a clientes en todo el mundo."
203,Petrobras,PBR,CEDEARS,ONE_WORKING_DAY,true,"Petrobras es una compania de energia integrada controlada por el gobierno brasileño. Su actividad principal se basa en la exploracion y produccion de petroleo y gas en campos de alta mar. Además de explorar y producir, comerciar y transportar el petróleo crudo a lo largo del todo el país."
475,PDD Holdings,PDD,CEDEARS,ONE_WORKING_DAY,true,Conglomerado chino de comercio electrónico que controla plataformas como Pinduoduo y Temu.
226,PepsiCo,PEP,CEDEARS,ONE_WORKING_DAY,true,"PepsiCo, Inc. fabrica, mercado, distribuye y vende varias bebidas y alimentos convenientes en todo el mundo. La compañía  proporciona salsas, bocadillos con sabor a queso y spreads, así como chips de maíz, papa y tortilla; cereales, arroz, pasta, mezclas y jarabes, barras de granola, sémola, avena, pasteles de arroz, simplemente granola y guarniciones; concentrados de bebidas, jarabes fuente y productos terminados; té, café y jugos listos para beber; productos lácteos; y fabricantes de agua y productos relacionados."
365,Pfizer,PFE,CEDEARS,ONE_WORKING_DAY,true,"Pfizer Inc. es una empresa farmacéutica con alcance global. Ofrece vacunas, dispositivos medícos, medicamentos y productos sanitarios de consumo para los sectores de oncología, entre otros."
101,Procter & Gamble,PG,CEDEARS,ONE_WORKING_DAY,true,"La Procter & Gamble Company (P & G) produce y comercializa bienes de consumo de productos de marca. La Compañía comercializa sus productos en más de 180 países. La compañía está organizada en cinco unidades de negocio a nivel global: Salud, Cuidado del hogar y limpieza, Alimentos y bebidas, Papel y Productos de belleza. En su portafolio de marcas se destacan a nivel global Gillette, Pampers, Head & Shoulders, Pantene, Ariel y Vicks."
303,Palantir Technologies,PLTR,CEDEARS,ONE_WORKING_DAY,true,"Palantir Technologies Inc. desarrolla software para analizar información. Ofrece soluciones que respaldan muchos tipos de datos, incluyendo datos estructurados, no estructurados, relacionados, temporales y geoespaciales. Atiende a clientes en todo el mundo."
473,ETF Inverso del Nasdaq 100,PSQ,CEDEARS,ONE_WORKING_DAY,true,Este ETF está diseñado para ganar valor cuando el Nasdaq-100 cae. Útil para cobertura en contextos bajistas.
99,PayPal,PYPL,CEDEARS,ONE_WORKING_DAY,true,"PayPal Holdings, Inc. opera como una plataforma tecnológica de pagos digitales que permite pagos móviles y digitales a consumidores y comerciantes de todo el mundo. La plataforma de pagos de la compañía permite a los consumidores enviar pagos, retirar fondos a sus cuentas bancarias y mantener saldos en sus cuentas de PayPal en diversas monedas. También ofrece servicios de pasarela que permiten a los comerciantes aceptar pagos en línea con tarjetas de crédito o débito."
231,Qualcomm,QCOM,CEDEARS,ONE_WORKING_DAY,true,"QUALCOMM Incorporated diseña, desarrolla, fabrica y comercializa productos y servicios de telecomunicaciones digitales. El segmento de QTL otorga licencias para utilizar partes de su cartera de propiedad intelectual, que incluye los derechos de patente útiles en la fabricación y venta de diversos productos inalámbricos, como los productos de aplicación CDMA2000, WCDMA, TDD CDMA, GSM / GPRS / EDGE, y las normas OFDMA, así como sus derivados."
35,ETF Nasdaq 100,QQQ,CEDEARS,ONE_WORKING_DAY,true,El Nasdaq 100 Trust Series I es un conjunto de inversiones destinado a proveer un resultado de inversión que intente reflejar el rendimiento del índice Nasdaq 1. Este índice está compuesto por las 100 compañías no financieras de mayor capitalización y volumen de operación que cotizan en el Nasdaq.
309,Ferrari,RACE,CEDEARS,ONE_WORKING_DAY,true,"Ferrari NV diseña y fabrica automóviles deportivos. Ofrece vehículos nuevos y usados, programas de garantía, programas financieros y mantenimiento, además de relojes, ropa, auriculares, gorras y otros accesorios. Comercializa sus productos en todo el mundo."
83,Roblox,RBLX,CEDEARS,ONE_WORKING_DAY,true,"Roblox Corporation desarrolla y opera una plataforma de entretenimiento en línea. La aplicación permite a los usuarios explorar extensos mundos digitales en 3D. Al mismo tiempo permite a desarrolladores a crear, publicar y experimentar nuevas funcionalidades para el juego."
374,Rio Tinto Company Limited,RIO,CEDEARS,ONE_WORKING_DAY,true,"Rio Tinto PLC es una empresa minera con presencia global. Centra sus actividades principales en la extracción de aluminio, boratos, cobre, oro, mineral de hierro, plomo, plata, entre otros."
318,Riot Platforms,RIOT,CEDEARS,ONE_WORKING_DAY,true,"Riot Platforms, Inc. opera como una empresa de minería de bitcoins. Se centra en la compra de criptomonedas y negocios de blockchain, además de apoyar a empresas de tecnología del rubro."
315,Roku,ROKU,CEDEARS,ONE_WORKING_DAY,true,"Roku, Inc. desarrolla, suministra y vende sistemas de entretenimiento y medios digitales. Ofrece dispositivos inalámbricos que transmiten contenido de audio y vídeo de Internet a los sistemas de entretenimiento domésticos de los clientes."
94,Satellogic,SATL,CEDEARS,ONE_WORKING_DAY,true,"Satellogic es una empresa argentina fundada en 2010 especializada en satélites especializada en observación de la tierra con el fin de remapear el mapa de la tierra cada determinado cantidad de tiempo permitiendo al acceso y soluciones a los consumidores de la información. Su objetivo es democratizar el acceso a la información geoespacial para mejorar problemas del mundo como cambios climáticos, energia y mas."
234,Starbucks,SBUX,CEDEARS,ONE_WORKING_DAY,true,"Starbucks Corporation, junto con sus subsidiarias, opera como tostador, comercializador y minorista de café especializado en todo el mundo. La compañía opera a través de tres segmentos: América del Norte, International y el desarrollo de canales. Sus tiendas ofrecen bebidas de café y té, frijoles enteros tostados y cafés molidos, productos de un solo servicio y bebidas listas para beber y varios productos alimenticios, como pasteles, sándwiches de desayuno y artículos para el almuerzo."
97,Sea,SE,CEDEARS,ONE_WORKING_DAY,true,"Sea Limited, tiene negocios de entretenimiento digital, comercio electrónico y servicios financieros digitales en el sudeste asiático, América Latina, el resto de Asia e internacionalmente. Proporciona la plataforma de entretenimiento digital de Garena para que los usuarios accedan a juegos en línea para dispositivos móviles y PC, entre otras cosas. La compañía también opera la plataforma de comercio electrónico Shopee, un mercado centrado en dispositivos móviles que ofrece servicios de venta e infraestructura de logística y pagos integrados. Además, ofrece servicios financieros digitales SeaMoney a particulares y empresas, incluidos los servicios de pago y billetera móvil."
414,ETF Inverso S&P 500,SH,CEDEARS,ONE_WORKING_DAY,true,El ProShares Short S&P500 busca rendimientos diario de inversión que correspondan al inverso del rendimiento diario del índice S&P500.
375,Shell,SHEL,CEDEARS,ONE_WORKING_DAY,true,Shell PLC refina y explora derivados del petróleo. Importa y produce combustibles y opera redes de estaciones de servicio a lo largo de todo el mundo.
96,Shopify,SHOP,CEDEARS,ONE_WORKING_DAY,true,"Shopify, Inc. opera una plataforma de comercio basada en la nube diseñada para pequeñas y medianas empresas. Los comerciantes utilizan su software para ejecutar negocios en todos los canales de venta, incluidos web, tabletas y móviles, redes sociales y tiendas físicas. La plataforma de la firma proporciona a los comerciantes una visión única de los negocios y los clientes y les permite administrar productos e inventario, procesar pedidos y pagos, crear relaciones con los clientes y aprovechar el análisis e informes. Se centra en las soluciones de comerciante y suscripción."
307,Shapeways Holdings Inc,SHPW,CEDEARS,ONE_WORKING_DAY,true,"Shapeways Holdings, Inc. (SHPW) pertenece a la industria de fabricación digital, específicamente a la fabricación aditiva (impresión 3D) y plataformas de fabricación bajo demanda. La empresa ofrece servicios para transformar diseños digitales en productos físicos a través de su plataforma."
87,Silvergate Capital Corp (suspendida),SI,CEDEARS,ONE_WORKING_DAY,true,"El día 11/05/2023 se dispuso la interrupción transitoria de la negociación del CEDEAR SI en el mercado Bolsas y Mercados Argentinos S.A. (BYMA), en virtud de lo informado por la emisora en relación con la suspensión del listado de las acciones de Silvergate Capital Corporation en su mercado de origen. Es decir que el CEDEAR SI no puede negociarse en BYMA y no se va a poder comprar ni vender. Te estaremos avisando las próximas novedades al respecto."
444,Compania siderurgica nacional,SID,CEDEARS,ONE_WORKING_DAY,true,"Cia. Siderúrgica Nacional S.A. (CSN) fabrica hierro y acero en Brasil. La empresa opera minas, una acería integrada, centros de reparaciones, puertos y ferrocarriles. CSN fabrica y distribuye laminados en caliente, laminados en frío y productos de acero galvanizado a las industrias del automóvil, piezas de automoción, construcción civil, equipos eléctricos y embalaje."
453,SLB Ltd,SLB,CEDEARS,ONE_WORKING_DAY,true,"SLB Ltd, que opera como SLB, ofrece servicios de yacimientos petrolíferos. Amplia nuevos sistemas energéticos, ofrece tecnología digital a escala, innova en petróleo y gas, y descarboniza industrias con sus productos y servicios, y ofrece soluciones de aprovechamiento de energía geotérmica, rendimiento de datos de empresa y eliminación de metano. Opera mundialmente."
472,ETF Plata,SLV,CEDEARS,ONE_WORKING_DAY,true,"Refleja el precio de la plata física, ideal para cobertura ante inflación o exposición a metales sin la necesidad de comprar y almacenar el metal físico."
476,ETF Semiconductores,SMH,CEDEARS,ONE_WORKING_DAY,true,"ETF de semiconductores, un componente clave de la inteligencia artificial. Con empresas como NVIDIA, AMD, Intel. Alta volatilidad, exposición directa al sector tech/chips."
84,Sony,SONY,CEDEARS,ONE_WORKING_DAY,true,"Sony Group es un conglomerado que diseña, desarrolla, produce y vende equipos, instrumentos y dispositivos electrónicos en todo el mundo, tanto para uso personal como profesiona. Al mismo tiempo distribuye contenidos de juegos, videos, música, consolas, periféricos y mas, como por ejemplo la Play Station. Dentro de sus subsidiarias podemos encontrar Sony Pictures Entertainment que produce películas y series."
314,Virgin Galactic Holdings,SPCE,CEDEARS,ONE_WORKING_DAY,true,"Virgin Galactic Holdings, Inc. es una compañía pionera en vuelos aeroespaciales comerciales, se centra principalmente en ofrecerlos tanto a investigadores como particulares. También desarrolla patentes y tecnologías orientadas a este rubro."
4,Spotify,SPOT,CEDEARS,ONE_WORKING_DAY,true,Spotify Technology SA brinda servicios de transmisión de audio en todo el mundo. Ofrece un acceso ilimitado a su catálogo de música y podcasts. Su negocio radica en suscripciones pagas o publicidad en caso de suscripciones gratuitas. A diciembre de 2020 su plataforma incluía 345 millones de usuarios activos mensuales y 155 millones de suscripciones premium en casi 100 países.
477,ETF Alcista 3X S&P 500,SPXL,CEDEARS,ONE_WORKING_DAY,true,"ETF busca triplicar el rendimiento diario del S&P 500. Extremadamente volátil, solo para trading de corto plazo."
34,ETF S&P 500,SPY,CEDEARS,ONE_WORKING_DAY,true,"El Standard & Poor's Depositary Receipts Trust Series I es el ETF más reconocido y operado de Estados Unidos. Lidera el ranking por mayor cantidad de AUM (Assets Under Management) y volumen operado diario. El ETF sigue al índice S&P 500, el cual es reconocido como punto de referencia para analizar el rendimiento del Mercado de Valores de Estados Unidos. Invierte en las 500 empresas m‡s grandes del mercado, sin necesidad de tener una gran Market Cap."
313,Stellantis,STLA,CEDEARS,ONE_WORKING_DAY,true,"Stellantis NV fabrica y comercializa automóviles y vehículos comerciales. También fabrica productos metalúrgicos y sistemas de producción para la industria automovilística, y posee editoriales y aseguradoras."
308,StoneCo,STNE,CEDEARS,ONE_WORKING_DAY,true,StoneCo Ltd. es un proveedor líder de soluciones tecnológicas financieras que permiten a los usuarios llevar a cabo operaciones de ecommerce a través de distintos canales.
336,Skyworks Solutions,SWKS,CEDEARS,ONE_WORKING_DAY,false,"Skyworks Solutions, Inc. una compañia de semiconductores inalambricos diseña y fabrica soluciones de sistemas de radio frecuencia y semiconductores para aplicaciones de comunicación móvil. Provee módulos delanteros, subsistemas de radio frecuencia y soluciones de sistemas para clientes de celulares e infraestructura en todo el mundo."
438,AT&T,T,CEDEARS,ONE_WORKING_DAY,true,"AT&T Inc. opera como una sociedad de cartera de comunicaciones. A través de sus subsidiarias y filiales, ofrece servicios de telefonía local y de larga distancia, comunicaciones inalámbricas y de datos, acceso a Internet y mensajería, televisión por satélite y basada en IP, equipos de telecomunicaciones y servicios de publicidad y publicación de directorios."
468,Atlassian,TEAM,CEDEARS,ONE_WORKING_DAY,true,"Empresa de software colaborativo conocida por productos como Jira y Trello, ampliamente usados en entornos de trabajo remoto."
207,Tenaris,TEN,CEDEARS,ONE_WORKING_DAY,true,Tenaris vende productos de acero y proporciona servicios relaciones para la industria del petróleo y gas. Opera a lo largo del mundo y es una subsidiaria de Techint Holdings.
235,Toyota Motor,TM,CEDEARS,ONE_WORKING_DAY,true,"Toyota Motor Corporation diseña, fabrica, ensambla y vende vehículos de pasajeros, minivans y vehículos comerciales, y piezas y accesorios relacionados. Además, la compañía ofrece camionetas bajo el nombre de Tacoma; minivans; y camiones y autobuses. Opera en Japón, América del Norte, Europa, Asia, América Central y del Sur, Oceanía, África y Medio Oriente."
447,Thermo Fisher Scientific,TMO,CEDEARS,ONE_WORKING_DAY,true,"Thermo Fisher Scientific, Inc. fabrica instrumentos científicos, de consumo y químicos. Ofrece instrumentos analíticos, equipo de laboratorio, Software, servicios, de consumo, reactivos, químicos, y provisiones a empresas farmacéuticas y biotecnológicas, hospitales y laboratorios, universidades, instituciones de estudios y agencias de Estado."
497,ProShares UltraPro QQQ,TQQQ,CEDEARS,ONE_WORKING_DAY,true,ETF que busca rendimientos diarios 3 veces (3x) el desempeño del índice Nasdaq-100. Uso táctico; alto riesgo por el apalancamiento y el rebalanceo diario.
216,TripAdvisor Inc,TRIP,CEDEARS,ONE_WORKING_DAY,true,"TripAdvisor Inc. opera como una empresa de viajes online. Lo hace en dos segmentos, hoteles, medios y plataforma; y experiencias y comidas. También administra y opera otras marcas de medios de viajes que brindan a los usuarios los recursos integrales de planificación de viajes y viajes en la industria de viajes."
15,Tesla,TSLA,CEDEARS,ONE_WORKING_DAY,true,"Tesla Inc diseña, desarrolla, fabrica y vende vehículos eléctricos y sistemas de almacenamiento y generación de energía en varios países del mundo. Por un lado su negocia centra su atención en el segmento automotriz con la fabricación de vehículos eléctricos y desarrollando un software de conducción automática mediante la utilización de inteligencia artificial. Por otro lado, también centra sus esfuerzos en sistemas de generación de energía alternativa, como paneles solares tanto para uso comercial como residencial."
367,TSMC,TSM,CEDEARS,ONE_WORKING_DAY,true,"Taiwan Semiconductor Manufacturing Company, Ltd comercializa y fabrica circuitos integrados. Estos se usan en computadoras, comunicación, artículos electrónicos de consumo, automotores e empresas de equipo industrial."
5,Twitter (suspendida),TWTR,CEDEARS,ONE_WORKING_DAY,false,"El 28/10/2022 se oficializó la compra de Twitter Inc. por parte de Elon Musk. Banco Comafi, en su carácter de emisor del programa, comunicó el impacto que esta adquisición tiene en los CEDEARs de Twitter. Por el momento, hasta que concluya dicho proceso no se podrá ni comprar ni vender CEDEARs de Twitter Inc., ya que el mercado BYMA suspendió su cotización. Te estaremos avisando ni bien haya alguna novedad. \nTwitter Inc, en su raíz, es una plataforma global para la libre expresión pública y conversación en tiempo real. Permite a los usuarios crear, distribuir y descubrir contenido. Al mismo tiempo ofrece la posibilidad de hacer transmisiones en vivo a todas partes del mundo. Por otro lado proporciona productos y servicios promocionados, al igual que cuenta y tendencias, que permiten a los anunciantes promocionar sus marcas, productos y servicios."
205,Ternium (CEDEAR),TXR,CEDEARS,ONE_WORKING_DAY,true,"Ternium funciona a través del cemento de acero y minería. El segmento de acero produce losas, barras, vigas entre otras cosas. Mientras que el segmento minero comercializa hierro y gránulos. Vende sus productos a una gran cantidad de países latinoamericanos y a Estados Unidos. Pertenece a Techint Holdings."
79,Uber,UBER,CEDEARS,ONE_WORKING_DAY,true,"Uber Technologies Inc desarrolla y respalda aplicaciones de tecnología patentada que permites a proveedores independientes de viajes compartidos realizar transacciones con pasajeros y consumidores de todo el mundo. Sus socios conductores ofrecen ofrecen servicios de viajes compartidos y transporte de mercadería con vehículos personales a través de la aplicación. Por otro lado, los consumidores finales se hacen del servicios para ser trasladarse o enviar mercadería de un punto a otro. Dentro de sus subsidiarias encontramos a a Uber Eats que permite el delivery desde múltiples restaurantes hasta los consumidores."
442,Unilever,UL,CEDEARS,ONE_WORKING_DAY,true,"Unilever PLC fabrica productos de cuidado personal. Ofrece bienes de consumo, alimentos, detergentes, fragancias, productos de belleza, hogar y para el cuidado personal. Atiende a clientes en todo el mundo."
445,UnitedHealth,UNH,CEDEARS,ONE_WORKING_DAY,true,UnitedHealth Group Incorporated posee y administra sistemas de salud organizados. Provee productos y recursos a empresarios para planear y gestionar beneficios de empleados. Atiende a clientes en todo el mundo.
443,Upstart,UPST,CEDEARS,ONE_WORKING_DAY,true,"Upstart Holdings, Inc. opera como una sociedad de cartera. La Compañía, a través de sus subsidiarias, proporciona una plataforma de préstamos de inteligencia artificial (IA) basada en la nube para mejorar el acceso al crédito y al mismo tiempo reducir el riesgo y los costos de los préstamos para los socios bancarios."
480,ETF Uranio Global,URA,CEDEARS,ONE_WORKING_DAY,true,"ETF de uranio y energía nuclear. Muy volátil y cíclico, depende de políticas energéticas."
488,ETF Petróleo de EE.UU.,USO,CEDEARS,ONE_WORKING_DAY,true,Busca reflejar el rendimiento del precio del petróleo crudo WTI (West Texas Intermediate) mediante contratos de futuros. Es una forma de invertir en la materia prima sin poseer barriles físicos.
98,Visa,V,CEDEARS,ONE_WORKING_DAY,true,"La Compañía brinda una red de pagos electrónicos que facilita el comercio mundial mediante la transferencia de valor y de información entre las instituciones financieras, comerciantes, consumidores, empresas y entidades gubernamentales. Sus principales clientes son las instituciones financieras, para las que presta servicios de procesamiento de pago de productos y plataformas, incluidas las plataformas de los consumidores de crédito, débito, prepagadas y los pagos comerciales."
212,Vale SA,VALE,CEDEARS,ONE_WORKING_DAY,true,"Vale S.A. fue fundada en 1942 y tiene su sede en Río de Janeiro, Brasil. La compañía opera a través de minerales ferrosos y segmentos de metales base. El segmento de minerales ferrosos produce y extrae mineral de hierro y gránulos, manganeso, ferroalloys y otros productos ferrosos; y proporciona servicios logísticos relacionados."
419,ETF Mercados Desarrollados,VEA,CEDEARS,ONE_WORKING_DAY,true,"Un ETF que ofrece una forma eficiente de invertir en mercados desarrollados fuera de los EE. UU, incluyendo acciones de empresas de Europa y Asia."
474,ETF Dividendos Crecientes,VIG,CEDEARS,ONE_WORKING_DAY,true,ETF enfocado en empresas con historial de aumentos constantes de dividendos. Se enfoca en rastrear el rendimiento de un índice de empresas que tienen un historial de aumento de dividendos a lo largo del tiempo. Brinda exposición a compañías financieramente sólidas y comprometidas con el crecimiento constante de sus pagos de dividendos.
73,Vista Oil & Gas,VIST,CEDEARS,ONE_WORKING_DAY,true,Vista Oil & Gas es una compañía energética dedicada a la explotación y producción de petróleo y gas. En la actualidad se posiciona como el noveno productor de gas de la región y segundo de shale oil. Empezó a cotizar en el mercado estadounidense en 2019.
487,Vertex Pharmaceuticals,VRTX,CEDEARS,ONE_WORKING_DAY,true,Biofarmacéutica centrada en tratamientos innovadores para enfermedades graves como la fibrosis quística.
498,iPath Serie B VIX de Corto Plazo sobre Futuros del S&P 500 ETN,VXX,CEDEARS,ONE_WORKING_DAY,true,VXX intenta subir cuando aumenta el “miedo” del mercado. Lo hace invirtiendo en contratos de futuros ligados al VIX (el índice de volatilidad del S&P 500).
372,Verizon Communications,VZ,CEDEARS,ONE_WORKING_DAY,true,"Verizon Communications Inc. es una empresa global de telecomunicaciones. Ofrece servicios de datos, servicios inalámbricos y de Internet en el mercado estadounidense."
220,Wells Fargo,WFC,CEDEARS,ONE_WORKING_DAY,true,"Wells Fargo & Company, una compañía de servicios financieros diversificados, proporciona productos y servicios financieros comerciales y de banca, inversiones, hipotecas y de consumo en los Estados Unidos e internacionalmente. Funciona a través de cuatro segmentos: banca y préstamos de consumo, Banca comercial, Banca corporativa y de inversión, y gestión de riqueza e inversión."
74,Walmart,WMT,CEDEARS,ONE_WORKING_DAY,true,Wal-Mart Stores Inc es una corporación multinacional de tiendas de origen estadounidense que opera cadenas de supermercados. Opera en más de 28 países con tiendas físicas y ofrece también un servicios de venta online.
222,United States Steel Corp,X,CEDEARS,ONE_WORKING_DAY,false,US Steel fue adquirida por Nippon Steel el 18/06/2025 y dejó de cotizar en NYSE. Los tenedores de CEDEARS recibirán compensación en efectivo. Pendiente confirmación de fechas de pago.
424,ETF Sector Materiales,XLB,CEDEARS,ONE_WORKING_DAY,true,"Este ETF ofrece exposición a empresas del sector de materiales básicos, incluidas aquellas que producen productos químicos, metales y minería."
422,ETF Sector Comunicación,XLC,CEDEARS,ONE_WORKING_DAY,true,"Este ETF incluye empresas de servicios de comunicación, como telecomunicaciones y medios digitales."
92,ETF Sector Energético,XLE,CEDEARS,ONE_WORKING_DAY,true,"El ETF Energy Select SPDR Fund tiene como objetivo seguir a un índice compuesto por empresas relacionadas a la perforación de yacimiento, al crudo y gas natural y otros servicios similares relacionados con la energía. Las empresas a su vez forman parte del ETF SPY."
93,ETF Sector Financiero,XLF,CEDEARS,ONE_WORKING_DAY,true,"El ETF Financial Select Sector SPDR Fund tiene como objetivo replicar los resultados de inversión del sector de finanzas del índice S&P 500. Podemos encontrar empresas de seguros, bancos comerciales, mercados de capitales, fideicomisos de inversión inmobiliaria, ahorro y financiación hipotecaria."
425,ETF Sector Industrial,XLI,CEDEARS,ONE_WORKING_DAY,true,"Un ETF que se enfoca en empresas del sector industrial, como manufactura y transporte, brindando oportunidades en la economía industrial."
426,ETF Sector Tecnológico,XLK,CEDEARS,ONE_WORKING_DAY,true,"Este ETF invierte en empresas de tecnología, incluyendo gigantes del software, hardware y servicios tecnológicos, aprovechando la innovación digital."
428,ETF Sector Bienes de Consumo Básico,XLP,CEDEARS,ONE_WORKING_DAY,true,"Este ETF se especializa en empresas que producen bienes de consumo básico, como alimentos y productos de limpieza, que generalmente son menos sensibles a las fluctuaciones económicas."
429,ETF Sector Inmobiliario,XLRE,CEDEARS,ONE_WORKING_DAY,true,"Un ETF que ofrece exposición al sector inmobiliario, que involucran propiedades comerciales y residenciales."
478,ETF Sector Servicios Públicos,XLU,CEDEARS,ONE_WORKING_DAY,true,"ETF sigue empresas de servicios esenciales como agua, gas, energía eléctrica, entre otras. Baja volatilidad, buenos dividendos."
427,ETF Sector Salud,XLV,CEDEARS,ONE_WORKING_DAY,true,"Un ETF que se centra en el sector de salud, invirtiendo en empresas farmacéuticas, biotecnológicas y de servicios de salud."
423,ETF Sector Consumo Discrecional,XLY,CEDEARS,ONE_WORKING_DAY,true,"Un ETF que invierte en empresas que producen bienes y servicios considerados no esenciales, como automóviles y ropa, ideal para captar las variaciones que puedan haber en el consumo."
219,Exxon Mobil Corporation,XOM,CEDEARS,ONE_WORKING_DAY,true,"Exxon Mobil Corporation explora y produce petróleo crudo y gas natural en los Estados Unidos e internacionalmente. Funciona a través de segmentos aguas arriba, aguas abajo y químicos. La compañía también participa en la fabricación, el comercio, el transporte y la venta de petróleo crudo, gas natural, productos de petróleo, petroquímicos y otros productos especializados; fabrica y vende petroquímicos, incluidas olefinas, poliolefinas, aromáticos y varios otros petroquímicos; y captura y almacena carbono, hidrógeno y biocombustibles."
100,Block,XYZ,CEDEARS,ONE_WORKING_DAY,true,"Square, Inc. es una empresa estadounidense de servicios financieros , servicios comerciales y pagos móviles con sede en San Francisco , California . La empresa comercializa tanto software como hardware de pagos y se ha expandido a servicios para pequeñas empresas de diferentes rubros."
72,Zoom,ZM,CEDEARS,ONE_WORKING_DAY,true,"Zoom Video también conocido como zoom es un programas de videollamadas  accesibles desde computadoras, teléfonos móviles y tabletas, tanto para uso personal como profesional."
347,AE38,AE38,BOND,ONE_WORKING_DAY,true,Bono de la Nación Argentina emitido en dólares estadounidenses con pago de intereses y amortizaciones semestrales y vencimiento el 9 de enero de 2038
462,AL29,AL29,BOND,ONE_WORKING_DAY,true,Bono de la Nación Argentina emitido en dólares estadounidenses con pago de intereses y amortizaciones semestrales. Vencimiento el 9 de julio de 2029
334,AL30,AL30,BOND,ONE_WORKING_DAY,true,Bono de la Nación Argentina emitido en dólares estadounidenses con pago de intereses y amortizaciones semestrales y vencimiento el 9 de julio de 2030
346,AL35,AL35,BOND,ONE_WORKING_DAY,true,Bono de la Nación Argentina emitido en dólares estadounidenses con pago de intereses y amortizaciones semestrales y vencimiento el 9 de julio de 2035
348,AL41,AL41,BOND,ONE_WORKING_DAY,true,Bono de la Nación Argentina emitido en dólares estadounidenses con pago de intereses y amortizaciones semestrales y vencimiento el 9 de julio de 2041
408,BPOA7,BPOA7,BOND,ONE_WORKING_DAY,true,BONO PARA LA RECONSTRUCCIÓN DE UNA ARGENTINA LIBRE -SERIE 1 A -VENCIMIENTO 1 DE NOVIEMBRE DE 2027
409,BPOC7,BPOC7,BOND,ONE_WORKING_DAY,true,BONO PARA LA RECONSTRUCCIÓN DE UNA ARGENTINA LIBRE -SERIE 1 C -VENCIMIENTO 1 DE NOVIEMBRE DE 2027
410,BPOD7,BPOD7,BOND,ONE_WORKING_DAY,true,BONO PARA LA RECONSTRUCCIÓN DE UNA ARGENTINA LIBRE -SERIE 1 D -VENCIMIENTO 1 DE NOVIEMBRE DE 2027
379,BPY26,BPY26,BOND,ONE_WORKING_DAY,true,BONO PARA LA RECONSTRUCCIÓN DE UNA ARGENTINA LIBRE -SERIE 3 -VENCIMIENTO 31 DE MAYO DE 2026. Considerar que la lamina mínima de operación es de 100 valores nominales y es necesario comprar y vender de a multiplos de 100 valores nominales.
463,GD29,GD29,BOND,ONE_WORKING_DAY,true,Bono de la Nación Argentina emitido en dólares estadounidenses con pago de intereses y amortizaciones semestrales. Vencimiento el 9 de julio de 2029
317,GD30,GD30,BOND,ONE_WORKING_DAY,true,Bono de la Nación Argentina emitido en dólares estadounidenses con pago de intereses y amortizaciones semestrales y vencimiento el 9 de julio de 2030
349,GD35,GD35,BOND,ONE_WORKING_DAY,true,Bono de la Nación Argentina emitido en dólares estadounidenses con pago de intereses y amortizaciones semestrales y vencimiento el 9 de julio de 2035
350,GD38,GD38,BOND,ONE_WORKING_DAY,true,Bono de la Nación Argentina emitido en dólares estadounidenses con pago de intereses y amortizaciones semestrales y vencimiento el 9 de enero de 2038
351,GD41,GD41,BOND,ONE_WORKING_DAY,true,Bono de la Nación Argentina emitido en dólares estadounidenses con pago de intereses y amortizaciones semestrales y vencimiento el 9 de julio de 2041
464,GD46,GD46,BOND,ONE_WORKING_DAY,true,Bono de la Nación Argentina emitido en dólares estadounidenses con pago de intereses y amortizaciones semestrales. Vencimiento el 9 de julio de 2046
493,M10N5 (Vencimiento 10/11),M10N5,BOND,CONTADO,false,Letra del tesoro nacional en pesos a tasa tamar con vencimiento 10 de noviembre de 2025
496,M16E6 (Vencimiento 16/01),M16E6,BOND,CONTADO,false,Letra del tesoro nacional en pesos a tasa tamar con vencimiento 16 de enero de 2026
532,M31G6,M31G6,BOND,ONE_WORKING_DAY,true,Letra del Tesoro Nacional capitalizable en pesos con vencimiento el 31 de Agosto del 2026
466,M31L5 (Vencimiento 31/07),M31L5,BOND,CONTADO,false,"Recordá que esta letra estará venciendo el 31/07 y recibirás el valor total de $1,11809   por cada nominal que tengas en tenencia al cierre del 30/07"
342,S01L4 (Vencimiento 01/07),S01L4,BOND,CONTADO,false,"Recordá que esta letra estará venciendo el 01/07 y recibirás el valor total de $ 1,05645 por cada nominal que tengas en tenencia al cierre del 28/06"
483,S10L5,S10L5,BOND,CONTADO,false,Letra del tesoro nacional capitalizable en pesos con vencimiento el 10 de julio de 2025
460,S10N5 (Vencimiento 10/11),S10N5,BOND,CONTADO,false,"Recordá que esta letra estará venciendo el 10/11 y recibirás el valor total de $1,22254 por cada nominal que tengas en tenencia al cierre del 07/11"
381,S11N4 (Vencimiento 11/11),S11N4,BOND,CONTADO,false,Recordá que esta letra estará venciendo el 11/10 y recibirás el valor total de $ 1.09103 por cada nominal que tengas en tenencia al cierre del 08/11
352,S12L4 (Vencimiento 12/07),S12L4,BOND,CONTADO,false,"Recordá que esta letra estará venciendo el 12/07 y recibirás el valor total de $ 1,05033 por cada nominal que tengas en tenencia al cierre del 11/07"
388,S12S5 (Vencimiento 12/09),S12S5,BOND,CONTADO,false,"Recordá que esta letra estará venciendo el 12/09 y recibirás el valor total de $ 1,5898  por cada nominal que tengas en tenencia al cierre del 11/09"
355,S13D4 (Vencimiento 13/12),S13D4,BOND,CONTADO,false,Recordá que esta letra estará venciendo el 13/12 y recibirás el valor total de $ 1.26832 por cada nominal que tengas en tenencia al cierre del 12/12
353,S13S4 (Vencimiento 13/09),S13S4,BOND,CONTADO,false,"Recordá que esta letra estará venciendo el 13/09 y recibirás el valor total de $ 1,13142 por cada nominal que tengas en tenencia al cierre del 12/09"
384,S14F5 (Vencimiento 14/02),S14F5,BOND,CONTADO,false,Recordá que esta letra estará venciendo el 14/02 y recibirás el valor total de $ 1.21236 por cada nominal que tengas en tenencia al cierre del 13/02
341,S14J4 (Vencimiento 14/06),S14J4,BOND,CONTADO,false,"Recordá que esta letra estará venciendo el 14/06 y recibirás el valor total de $ 1,03346 por cada nominal que tengas en tenencia al cierre del 13/06"
385,S14M5 (Vencimiento 14/03),S14M5,BOND,CONTADO,false,"Recordá que esta letra estará venciendo el 14/04 y recibirás el valor total de $ 1,2596  por cada nominal que tengas en tenencia al cierre del 13/03"
337,S14O4 (Vencimiento 14/10),S14O4,BOND,CONTADO,false,Recordá que esta letra estará venciendo el 14/10 y recibirás el valor total de $ 1.131902 por cada nominal que tengas en tenencia al cierre del 10/10
402,S15G5 (Vencimiento 15/08),S15G5,BOND,CONTADO,false,"Recordá que esta letra estará venciendo el 15/08 y recibirás el valor total de $ 1,4679  por cada nominal que tengas en tenencia al cierre del 14/08. Fecha de pago 18/08/25"
386,S16A5(Vencimiento 16/04),S16A5,BOND,CONTADO,false,"Recordá que esta letra estará venciendo el 16/05 y recibirás el valor total de $ 1,3121 por cada nominal que tengas en tenencia al cierre del 16/04"
494,S16E6 (Vencimiento 16/01),S16E6,BOND,CONTADO,false,Letra del tesoro nacional capitalizable en pesos con vencimiento 16 de enero de 2026
345,S16G4 (Vencimiento 16/08),S16G4,BOND,CONTADO,false,"Recordá que esta letra estará venciendo el 16/08 y recibirás el valor total de $ 1,09347 por cada nominal que tengas en tenencia al cierre del 15/08"
387,S16Y5(Vencimiento 16/05),S16Y5,BOND,CONTADO,false,"Recordá que esta letra estará venciendo el 16/05 y recibirás el valor total de $1,3686 por cada nominal que tengas en tenencia al cierre del 15/05"
364,S17E5 (Vencimiento 17/01),S17E5,BOND,CONTADO,false,Recordá que esta letra estará venciendo el 17/01 y recibirás el valor total de $ 1.31185 por cada nominal que tengas en tenencia al cierre del 16/01
380,S18J5,S18J5,BOND,CONTADO,false,Letra del tesoro nacional capitalizable en pesos con vencimiento el 18 de Junio de 2025.
343,S26L4 (Vencimiento 26/07),S26L4,BOND,CONTADO,false,"Recordá que esta letra estará venciendo el 26/07 y recibirás el valor total de $ 1,09012 por cada nominal que tengas en tenencia al cierre del 25/07"
495,S27F6,S27F6,BOND,ONE_WORKING_DAY,true,Letra del tesoro nacional capitalizable en pesos con vencimiento 27 de febrero de 2026
390,S28A5 (Vencimiento 28/04),S28A5,BOND,CONTADO,false,"Recordá que esta letra estará venciendo el 28/04 y recibirás el valor total de $ 1,36861 por cada nominal que tengas en tenencia al cierre del 25/04"
338,S28F5,S28F5,BOND,ONE_WORKING_DAY,false,Letra del tesoro nacional capitalizable en pesos con vencimiento el 28 de febrero de 2025
465,S28N5 (Vencimiento 28/11),S28N5,BOND,CONTADO,false,Letra del tesoro nacional capitalizable en pesos con vencimiento el 28 de noviembre de 2025
383,S29G5,S29G5,BOND,CONTADO,false,"Recordá que esta letra estará venciendo el 29/08 y recibirás el valor total de $ 1,577 por cada nominal que tengas en tenencia al cierre del 28/08"
339,S29N4 (Vencimiento 29/11),S29N4,BOND,CONTADO,false,Recordá que esta letra estará venciendo el 29/11 y recibirás el valor total de $ 1.34983 por cada nominal que tengas en tenencia al cierre del 28/11
481,S29Y6,S29Y6,BOND,ONE_WORKING_DAY,true,Letra del tesoro nacional capitalizable en pesos con vencimiento el 29 de mayo de 2026
500,S30A6,S30A6,BOND,ONE_WORKING_DAY,true,Letra del Tesoro Nacional capitalizable en pesos con vencimiento el 30 de abril de 2026
344,S30G4 (Vencimiento 30/08),S30G4,BOND,CONTADO,false,"Recordá que esta letra estará venciendo el 30/08 y recibirás el valor total de $ 1,13238 por cada nominal que tengas en tenencia al cierre del 29/08"
382,S30J5,S30J5,BOND,CONTADO,false,Letra del tesoro nacional capitalizable en pesos con vencimiento el 30 de junio de 2025.
501,S30O6,S30O6,BOND,ONE_WORKING_DAY,true,Letra del Tesoro Nacional capitalizable en pesos con vencimiento el 30 de Octubre del 2026
354,S30S4 (Vencimiento 30/09),S30S4,BOND,CONTADO,false,Recordá que esta letra estará venciendo el 30/09 y recibirás el valor total de $ 1.13142 por cada nominal que tengas en tenencia al cierre del 27/09
393,S30S5 (Vencimiento 30/09),S30S5,BOND,CONTADO,false,"Recordá que esta letra estará venciendo el 30/09 y recibirás el valor total de $ 1,5961  por cada nominal que tengas en tenencia al cierre del 29/09"
391,S30Y5 (Vencimiento 30/05),S30Y5,BOND,CONTADO,false,"Recordá que esta letra estará venciendo el 30/05 y recibirás el valor total de $1,3633por cada nominal que tengas en tenencia al cierre del 29/05"
320,S31E5(Vencimiento 31/01),S31E5,BOND,CONTADO,false,Letra del tesoro nacional capitalizable en pesos con vencimiento el 31 de enero de 2025
530,S31G6,S31G6,BOND,ONE_WORKING_DAY,true,Letra del Tesoro Nacional capitalizable en pesos con vencimiento el 31 de Agosto del 2026
392,S31L5 (Vencimiento 31/07),S31L5,BOND,CONTADO,false,Recordá que esta letra estará venciendo el 31/07 y recibirás el valor total de $1.4774   por cada nominal que tengas en tenencia al cierre del 30/07
340,S31M5 (Vencimiento 31/03),S31M5,BOND,CONTADO,false,"Recordá que esta letra estará venciendo el 31/03 y recibirás el valor total de $ 1,55582  por cada nominal que tengas en tenencia al cierre del 28/03"
389,S31O4 (Vencimiento 31/10),S31O4,BOND,CONTADO,false,Recordá que esta letra estará venciendo el 31/10 y recibirás el valor total de $ 1.037500 por cada nominal que tengas en tenencia al cierre del 30/10
461,S31O5 (Vencimiento 31/10),S31O5,BOND,CONTADO,false,"Recordá que esta letra estará venciendo el 31/10/25 y recibirás el valor total de $ 1,32821 por cada nominal que tengas en tenencia al cierre del 30/10/25"
411,T13F6 (Vencimiento 13/2),T13F6,BOND,CONTADO,true,Bono del Tesoro Nacional Capitalizable en Pesos con vencimiento el 13 de febrero 2026
404,T15D5 (Vencimiento 15/12),T15D5,BOND,CONTADO,false,Bono del tesoro nacional capitalizable en pesos con vencimiento el 15 de diciembre de 2025
459,T15E7,T15E7,BOND,ONE_WORKING_DAY,true,Bono del Tesoro Nacional Capitalizable en Pesos con vencimiento el 15 de enero de 2027
403,T17O5 (Vencimiento 17/10),T17O5,BOND,CONTADO,false,Recordá que esta letra estará venciendo el 17/10 y recibirás el valor total de $ 1.5865  por cada nominal que tengas en tenencia al cierre del 16/10
326,T2V4,T2V4,BOND,ONE_WORKING_DAY,false,Bono del tesoro nacional vinculado al dólar estadounidense + 0.5% con pago de intereses semestrales y vencimiento el 30 de septiembre de 2024
324,T2X4 (Vencimiento 26/07),T2X4,BOND,CONTADO,false,"Recordá que este bono estará venciendo el 26/07 y recibirás el valor total de $ 15,8562408 por cada nominal que tengas en tenencia al cierre del 25/07"
322,T2X5 (Vencimiento 14/02),T2X5,BOND,CONTADO,false,Recordá que este bono estará venciendo el 14/02 y recibirás el valor total de $ 6.6473163 por cada nominal que tengas en tenencia al cierre del 13/02
502,T30A7,T30A7,BOND,ONE_WORKING_DAY,true,Bono del Tesoro Nacional capitalizable en pesos con vencimiento el 30 de Abril del 2027
484,T30E6(Vencimiento 30/01),T30E6,BOND,CONTADO,false,Letra del tesoro nacional capitalizable en pesos con vencimiento el 30 de enero de 2026
430,T30J6,T30J6,BOND,ONE_WORKING_DAY,true,Bono del Tesoro Nacional Capitalizable en Pesos con vencimiento el 30 de junio 2026
319,T4X4 (Vencimiento 14/10),T4X4,BOND,CONTADO,false,Recordá que este bono estará venciendo el 14/10 y recibirás el valor total de $ 5.869692 por cada nominal que tengas en tenencia al cierre del 10/10
321,T5X4,T5X4,BOND,ONE_WORKING_DAY,false,Bono del tesoro nacional en pesos ajustado por CER con vencimiento el 13 de diciembre de 2024
327,TDE25,TDE25,BOND,ONE_WORKING_DAY,false,Bono de laa Nación Argentina en moneda dual con vencimiento el 31 de enero de 2025
325,TDG24,TDG24,BOND,ONE_WORKING_DAY,false,Bono de la Nación Argentina en moneda dual con vencimiento el 30 de agosto de 2024
377,TO26,TO26,BOND,ONE_WORKING_DAY,true,Bonos del tesoro nacional en pesos a tasa fija vencimiento 17 de octubre de 2026
457,TTD26,TTD26,BOND,ONE_WORKING_DAY,true,Bono del Tesoro Nacional en Pesos a Tasa Dual con vencimiento el 15 de Diciembre de 2026
455,TTJ26,TTJ26,BOND,ONE_WORKING_DAY,true,Bono del Tesoro Nacional en Pesos a Tasa Dual con vencimiento el 30 de Junio de 2026
458,TTM26,TTM26,BOND,ONE_WORKING_DAY,true,Bono del Tesoro Nacional en Pesos a Tasa Dual con vencimiento el 16 de Marzo de 2026
456,TTS26,TTS26,BOND,ONE_WORKING_DAY,true,Bono del Tesoro Nacional en Pesos a Tasa Dual con vencimiento el 15 de Septiembre de 2026
323,TV25,TV25,BOND,ONE_WORKING_DAY,false,Bono del tesoro nacional vinculado al dólar estadounidense + 0.5% con pago de intereses semestrales y vencimiento el 31 de marzo de 2025
378,TX26,TX26,BOND,ONE_WORKING_DAY,true,Bonos del tesoro nacional en pesos con ajuste por cer 2% con vencimiento el 9 de noviembre de 2026
482,TY30P,TY30P,BOND,ONE_WORKING_DAY,true,BONO DEL TESORO NACIONAL EN PESOS A TASA FIJA CON VENCIMIENTO 30 DE MAYO DE 2030
328,TZX25,TZX25,BOND,CONTADO,false,Bono del tesoro nacional en pesos cero cupón con ajuste por CER con vencimiento el 30 de junio de 2025.
330,TZX26,TZX26,BOND,ONE_WORKING_DAY,true,Bono del tesoro nacional en pesos cero cupón con ajuste por CER con vencimiento el 30 de junio de 2026
332,TZX27,TZX27,BOND,ONE_WORKING_DAY,true,Bono del tesoro nacional en pesos cero cupón con ajuste por CER con vencimiento el 30 de junio de 2027
329,TZXD5,TZXD5,BOND,ONE_WORKING_DAY,false,Bono del tesoro nacional en pesos cero cupón con ajuste por CER con vencimiento el 15 de diciembre de 2025
331,TZXD6,TZXD6,BOND,ONE_WORKING_DAY,false,Bono del tesoro nacional en pesos cero cupón con ajuste por CER con vencimiento el 15 de diciembre de 2026
333,TZXD7,TZXD7,BOND,ONE_WORKING_DAY,false,Bono del tesoro nacional en pesos cero cupón con ajuste por CER con vencimiento el 15 de diciembre de 2027
529,TZXM6,TZXM6,BOND,ONE_WORKING_DAY,true,Letra del Tesoro Nacional capitalizable en pesos con vencimiento el 31 de Marzo del 2026
407,TZXO5 (Vencimiento 31/10),TZXO5,BOND,CONTADO,false,"Recordá que esta letra estará venciendo el 31/10/25 y recibirás el valor total de $ 1,3342 por cada nominal que tengas en tenencia al cierre del 30/10/25"
405,TZXO6,TZXO6,BOND,ONE_WORKING_DAY,true,Bono del tesoro nacional en pesos cero cupón con ajuste por CER vencimiento 31 de octubre de 2026
406,TZXY5,TZXY5,BOND,CONTADO,false,Bono del tesoro nacional en pesos cero cupón con ajuste por CER vencimiento 30 de mayo de 2025
